6,0,4.91667,99,2,1,3.743575429,1,331.1875,26,9,0.623621559,10,1014
9,4,3.34704,94,3,1,3.381404662,2,398.6578947,26,12,0.402912043,91,1157.5
3,3,1.47943,89,0,1,3.410608215,4,437.8,26,3,0.332328341,88,1292.5
9,1,3.10251,82,0,1,3.291651505,1,392.4761905,26,16,-0.056768667,22,945
1,4,2.37237,92,0,1,3.157290506,4,146,26,1,0.228565123,90,146
1,1,2.27894,82,0,1,3.419901693,1,212.125,26,4,0.170231857,30,349.5
3,5,2.21913,89,1,2,3.921944107,2,338.5,22,4,0.938602925,80,586
9,3,2.12833,76,7,2,4.054931908,3,498.3823529,22,10,1.032781506,64,2008.5
3,3,3.16212,40,4,3,3.658716231,4,243.7272727,24,7,0.447547856,60,898.5
3,1,2.42455,50,3,3,3.60751854,1,203.4230769,24,9,0.307218617,0,385.5
9,1,1.42329,39,9,3,3.799735273,1,332.58,24,14,0.587439338,0,1574.5
20,1,1.13144,60,17,3,3.66593443,1,422.9090909,24,27,0.587369356,0,1526.5
12,0,4.90185,84,7,5,4.043425811,4,366.3214286,23,13,1.668361621,34,980
1,2,2.71967,80,0,5,3.105732551,2,123.5,23,2,0.339665751,80,147
9,5,4.21297,86,0,5,3.848483127,3,461.3,23,11,1.030419183,68,1519
12,1,1.51988,72,6,2,3.640863102,1,481.1521739,25,15,1.296913563,2,1493
3,2,0.79252,90,2,3,2.833605469,2,250.3571429,22,5,0.762620159,84,444
1,1,2.77728,95,1,3,2.181098964,1,364.25,22,1,0.39328847,29,528
1,5,0.89621,99,0,2,3.181292327,3,227.25,26,2,0.577108172,100,276.5
6,0,2.08121,80,2,3,4.437615121,2,467.2083333,26,10,0.825811211,39,1339
3,1,2.25161,86,2,3,4.470735944,1,282.6666667,26,3,0.526876121,69,488
1,4,1.79789,80,0,3,3.952074089,4,194.375,26,4,0.433995256,85,261.5
9,1,2.18324,80,5,3,4.352599798,1,375.8095238,26,12,0.968955582,64,1291.5
1,1,2.80694,84,2,3,4.007231398,1,197.1666667,26,0,0.405041723,69,203.5
1,2,2.60423,75,0,3,3.954671535,4,442.75,26,2,0.505878647,80,633
6,2,2.23491,80,3,3,4.235990982,2,704.0625,26,5,0.866457723,74,2026
20,1,1.32262,65,12,3,4.383190513,1,458,26,26,0.80923164,39,1654
1,2,0.93402,39,0,5,3.037659813,2,1031,22,1,0.422694702,79,1031
6,1,1.49754,45,3,5,3.668477171,1,304.2941176,22,9,0.926015835,0,733
1,3,1.61152,41,0,5,3.205899511,3,159.375,22,4,0.6526872,49,222
1,1,2.51269,41,0,5,3.431926895,1,262.5,22,2,0.369143786,32,422
1,3,3.56811,68,0,6,3.798709852,4,678.5,24,1,0.328673503,70,678.5
1,1,2.74632,79,0,6,3.429306555,1,273.3333333,24,2,0.536844042,29,423.5
1,4,3.88324,69,0,6,3.652299315,4,185.75,24,2,0.257920068,59,266.5
9,1,2.21716,61,4,6,4.17714338,1,415.45,24,13,0.975317899,26,1701
3,3,1.65571,70,5,6,4.206262682,1,264.75,24,5,0.194770136,29,594.5
6,5,1.54496,60,2,6,4.208927707,3,386.6923077,24,9,1.264465622,70,1443.5
3,1,2.34478,50,1,6,4.124376034,1,359.4285714,24,5,0.338217757,39,584
12,0,3.79138,80,5,6,4.501598622,1,368.4833333,25,17,0.714351235,0,1254
9,1,3.23463,44,6,6,4.04362292,1,501.9411765,25,11,0.535727397,0,1746.5
3,5,2.29028,80,0,6,3.581578218,3,562.3,25,5,0.363584235,80,1320
1,4,1.42063,65,0,6,3.488055379,4,1031,25,1,0.34572687,95,1031
9,0,3.66927,59,0,3,3.494979853,1,213,24,1,0.39971361,40,213
9,4,2.44192,79,0,3,3.358386656,4,9028,24,1,-0.179066604,77,9028
6,1,1.92596,50,8,6,4.149178441,1,279.9736842,23,9,0.660117151,44,446.5
9,2,2.12957,55,7,6,4.296668013,2,412.3,23,10,1.096991482,70,1259
9,4,1.04561,45,1,6,4.37486619,4,310.1315789,23,15,1.268759552,70,668.5
3,1,2.37639,24,0,6,4.028933012,1,291.4444444,23,9,0.580216235,30,785
3,5,1.87202,64,1,2,3.527971041,4,401.7142857,26,5,0.344504217,69,1053.5
6,1,2.5836,76,6,2,3.647656643,1,433.7307692,26,5,0.776108137,12,1737.5
3,2,1.5984,69,3,2,3.318353807,2,294.5833333,26,3,0.58751358,78,449
1,2,2.06567,70,0,2,3.244295451,2,1036,26,1,0.348945509,93,1036
9,4,2.47032,64,4,3,4.252637038,4,356.6956522,28,13,0.491883358,78,2025
9,5,2.32845,69,4,3,4.54451007,3,312.1136364,28,15,0.648179607,80,1288
9,1,2.84416,29,7,4,3.613270948,1,387.3076923,24,5,0.564776023,10,1499.5
1,3,2.26846,69,0,4,2.996888038,3,427,24,2,0.282639828,59,686
3,1,1.4449,29,2,4,3.118464799,1,330.4285714,24,5,0.348427691,9,922
6,1,1.39829,90,4,4,3.252489773,1,322,24,12,0.575196497,9,1279
6,5,1.34094,50,4,4,3.236154322,2,524.25,24,6,0.755574295,79,2707
6,0,3.07778,69,4,3,3.565677409,1,362.4,22,10,0.647248459,20,569.5
3,4,2.72371,75,1,3,3.363783587,4,246.65,22,6,0.723372756,89,381
1,1,1.60195,89,0,5,4.187819381,1,292.3333333,23,3,0.557155594,29,409
1,3,0.76174,80,0,5,4.272825241,3,1033,23,1,0.50646265,90,1033
3,1,0.69256,89,0,5,4.389681405,1,318.4285714,23,5,0.648126854,21,782.5
6,3,1.27742,94,7,4,4.458888923,4,324.4642857,25,7,0.810979995,84,997.5
9,2,0.7017,49,4,4,4.356300391,2,384.5238095,25,16,1.143411167,84,1440.5
9,1,1.51203,45,8,4,4.244224485,1,362.8695652,25,15,0.763819526,20,1233
3,0,2.38063,30,0,4,3.434042146,2,347.5,24,3,0.531359297,29,577
9,0,2.30782,40,4,4,3.646575585,1,398.2368421,24,11,0.744347962,29,1134.5
9,3,1.34126,49,2,4,3.586007821,3,761.3,24,5,0.855468991,79,3407
20,1,1.98128,50,12,4,3.888376404,1,562.2962963,24,9,0.969046731,30,5371.5
3,2,2.21698,49,4,4,3.276624597,2,215.8125,24,4,0.796706726,70,279.5
9,5,3.24592,70,2,4,3.185178552,3,824.25,24,6,0.91884367,59,3315.5
1,4,1.5073,59,0,6,4.290584811,4,192.25,24,4,0.549599058,99,266.5
1,1,3.1905,94,0,4,2.968037972,4,279.1666667,24,3,0.16364173,64,611
3,1,4.54325,85,1,4,3.604207189,1,323,24,4,0.117856709,55,491.5
6,4,0.84184,75,3,4,3.106398153,4,554.15,24,7,0.34615626,74,2899.5
12,1,1.84821,75,7,4,3.140202491,1,453.76,24,16,0.180439897,39,1306
1,1,1.94506,60,0,3,3.599229342,2,237.1666667,23,3,0.595913515,50,359
9,4,1.62445,25,3,3,3.926439865,4,383.3928571,23,11,1.205695511,100,1221.5
6,1,1.67437,20,8,3,3.713376253,1,346.78125,23,7,0.543145622,9,1142
20,1,1.28476,21,10,3,4.089763662,1,678.2321429,23,16,0.93597174,0,3757.5
9,3,1.10456,61,6,4,4.291513607,3,434.4375,22,7,1.239162687,88,1740.5
1,0,4.07334,79,1,1,4.681905563,1,398.25,24,1,0.160820297,0,667.5
3,0,2.63469,20,1,1,4.459571591,1,407.75,24,4,0.540418185,0,951
1,1,2.54263,50,0,1,4.159508202,2,306,24,3,0.251736099,80,379
9,1,2.19929,10,8,1,5.012169682,1,296.875,24,18,0.581219077,0,1010
20,1,1.13425,15,19,1,4.84666298,1,501.9078947,24,18,0.700399779,0,3120
6,1,1.33344,20,6,1,4.475890826,1,368.0714286,24,7,0.846640504,0,766.5
9,4,0.75081,10,2,1,4.794109022,4,520.8214286,24,10,0.913483993,80,2359
9,3,1.65477,54,1,1,3.928021676,3,540.8,29,8,0.89844529,73,1503
6,5,1.24008,54,0,1,3.620342039,2,503.3571429,29,5,0.862955086,50,1028
9,5,1.91872,60,3,1,3.624233749,2,513.40625,29,8,0.474666242,55,2732
3,0,1.91824,90,1,3,2.979960245,2,664.375,23,3,0.427707213,50,1768.5
9,4,2.13772,70,11,3,3.415115505,4,332.7291667,23,13,0.907230261,89,1303.5
12,1,2.23641,60,0,6,3.560259124,1,1165.888889,25,8,0.645672475,40,3851.5
3,4,1.26135,70,0,6,3.17664799,4,3028,25,1,0.732756905,80,3028
6,4,1.62444,49,0,6,3.563892209,4,466.8333333,25,3,0.714504728,89,626.5
12,1,1.71727,50,0,6,3.467041596,1,1403.4375,25,7,0.659054597,49,4006
9,0,1.97413,37,10,3,2.93532239,1,324.78,22,12,0.853046454,18,663.5
9,3,1.8411,67,10,3,2.771735713,3,416.0263158,22,8,0.765202248,63,2222
3,4,1.02367,62,2,3,2.593580867,4,287.625,22,5,0.625290301,65,511
3,1,2.73905,72,3,3,2.587160119,2,371.5,22,4,0.492433096,48,826.5
3,0,2.39723,51,0,4,2.992531979,1,1276.5,27,2,0.412939601,20,2330
6,3,2.13825,66,1,4,3.218984913,2,492.2142857,27,4,0.433086758,93,1040.5
1,1,1.53394,65,0,4,2.48091631,1,1026,27,1,0.174586653,68,1026
1,0,2.20933,99,0,1,3.326856706,2,234,26,3,0.205836172,99,259.5
1,5,3.36608,97,0,1,3.235191363,4,1036,26,1,0.396315331,100,1036
6,4,2.71223,89,0,1,2.992907484,4,322.3571429,26,14,0.169164771,81,730
6,0,2.79884,70,0,2,4.330146695,1,380.0909091,22,10,0.863166679,50,1506.5
12,1,1.42669,89,6,2,4.14525329,1,559,22,13,0.910758382,14,2890
3,3,0.74702,87,3,2,3.826902519,3,304.5555556,22,5,0.757244221,74,609.5
9,4,2.41984,84,4,2,3.955730847,4,432.3,22,9,0.936822451,83,1700.5
9,0,1.76453,80,9,5,4.120450868,1,321.86,23,12,0.642697656,5,977.5
1,1,3.52828,60,1,2,3.065287751,1,306.5,25,2,-0.024381937,32,483.5
6,1,1.77007,86,2,3,2.720019633,1,327.7857143,22,5,0.631521475,29,816
3,0,4.61186,90,3,2,3.914367241,1,255.85,26,7,0.767332982,49,650
6,0,2.08518,100,2,2,3.971580155,3,285.8611111,26,15,1.093894031,70,845.5
12,1,2.33574,59,7,3,4.538977286,1,430.5576923,26,16,0.64373012,50,1231.5
12,0,1.05071,60,0,5,4.201937506,2,418.3703704,22,21,1.023609311,29,1645.5
9,0,1.68389,30,2,5,3.911779458,1,466.4444444,22,13,0.929264851,0,2565.5
12,1,2.51343,19,0,5,3.963554629,1,372.1428571,22,22,0.661704709,19,923.5
1,1,2.20187,30,0,5,3.244776511,1,518,22,1,0.403727926,0,518
6,0,3.49764,50,1,6,4.412923643,3,474.65,24,8,0.812954624,39,1136
20,1,1.26381,50,13,6,4.52076088,1,425.0454545,24,28,1.186252524,9,3143
1,2,2.06475,50,0,6,3.679428881,4,271.5,24,3,0.419813754,70,460.5
1,1,2.1069,62,0,6,3.490500765,1,339.5,25,2,-0.033938641,12,389
1,3,1.37346,76,1,6,3.398002758,3,226.1666667,25,2,0.268285249,91,267.5
6,0,2.61256,50,0,3,3.709171116,1,6029,24,0,0.039881066,60,6029
3,2,2.53402,80,0,3,3.254257285,2,920,24,1,0.382132501,80,920
6,1,1.87786,64,0,3,3.36413055,1,5462.5,24,0,0.744170931,45,5462.5
9,3,1.48224,60,6,6,4.269505194,4,349.6818182,23,15,0.941036186,75,1010
6,1,2.68389,64,11,6,4.095198297,1,289.9473684,23,6,0.689169877,35,794
3,4,4.09939,70,2,6,4.044953324,4,280.2222222,23,6,0.766000501,60,519
6,0,2.54336,72,2,2,3.918610814,3,706.6875,26,5,0.633456705,70,1731.5
1,1,2.84461,44,1,2,3.472248232,1,276.5,26,2,0.138825258,0,342
9,4,2.53399,68,3,2,3.690192223,4,527.59375,26,11,0.305616968,80,2058
3,4,2.44054,69,1,2,3.362645657,4,321,26,4,0.61392299,89,759.5
3,3,2.60751,68,5,2,3.287927767,1,306.3888889,26,4,0.219817562,29,585
3,0,1.957095,59,1,3,4.680874674,2,347.5625,28,5,0.493067478,0,799.5
6,5,3.44574,75,3,3,4.295821447,3,311.8333333,28,4,0.667439551,78,514
20,1,2.55281,74,13,3,4.451929564,3,506.4864865,28,15,0.130040059,59,2734.5
9,1,2.01796,63,7,3,4.225007109,1,378.25,28,11,0.178119305,41,706
6,1,2.39469,50,3,3,4.112156773,1,263.6578947,28,11,0.630578836,45,801.5
6,3,3.09182,80,3,3,4.255364564,4,265.1875,28,8,0.767344393,70,1089
6,1,1.91858,39,6,4,3.288432777,1,548.4,24,4,0.451753574,10,1326.5
3,1,3.94421,70,2,4,3.073365744,1,415,24,4,0.494367177,19,956
20,1,1.59108,29,5,4,3.378329387,1,735.3461538,24,17,0.781331919,0,4333.5
9,3,1.88164,30,3,4,3.129033213,3,803.5625,24,5,0.849893392,69,1403.5
3,3,1.52816,79,2,4,3.141052069,3,387.9,24,2,0.848867486,70,1088.5
1,3,1.9179,60,0,3,3.055487304,3,231.75,22,4,0.385145373,89,316
6,4,2.65495,67,4,3,3.387472714,4,590.3333333,22,5,0.678217359,84,3123.5
1,4,1.49686,60,0,3,2.866354136,4,1035,22,1,0.178247252,84,1035
6,0,1.92986,80,0,2,3.465085369,2,691.4375,26,8,1.218423117,54,1245
3,5,0.75776,49,0,2,3.387228653,2,421.75,26,2,0.761807727,69,659.5
1,2,1.41766,79,0,2,3.089748386,2,1029,26,1,0.48609269,70,1029
9,0,4.8379,61,3,5,5.027336107,1,493.5882353,23,12,1.107104272,24,1595.5
3,5,0.52495,90,0,5,4.773639942,3,653.3333333,23,3,1.039339374,80,1467
20,1,0.9291,79,0,5,5.053654604,1,916.3529412,23,13,1.117586655,20,3539.5
1,4,0.69665,79,0,5,3.869499357,2,346.5,23,2,0.38209314,99,459.5
3,2,0.65991,79,0,5,4.436416006,2,329.375,23,6,1.022517803,80,680
3,0,4.01001,60,0,4,4.427697892,1,289.0625,25,8,0.74988107,55.5,562
9,5,1.44276,40,5,4,4.496489162,3,523.4583333,25,7,0.960152215,85,2309.5
12,1,1.04624,10,7,4,4.624612168,1,558.4,25,12,0.495760567,9,2831
20,1,0.97719,30,17,4,4.475737753,1,568.2272727,25,15,0.939632319,14,3233.5
3,3,0.52548,90,2,4,4.143241437,3,306,25,3,1.074666131,85,772
6,2,0.7223,39,6,4,4.308442879,2,319.1875,25,10,0.914492211,81,1349
1,5,2.08871,70,0,4,3.009183285,3,182,24,2,0.368810245,80,187.5
3,3,2.03293,55,2,4,3.403097756,4,307.1428571,24,3,0.644614101,74,1018
1,3,3.43772,74,0,4,2.770912933,4,1024,24,1,0.415957492,64,1024
3,1,1.60524,70,1,4,2.968048885,1,291.5,24,6,0.412297645,40,559.5
3,2,1.18185,69,0,6,4.537272237,2,448.5,24,2,0.972329512,94,556.5
3,5,1.31672,55,1,6,4.271567002,3,390.1428571,24,6,0.975283638,86,869
3,3,1.38618,56,4,6,4.672426615,3,259.65,24,5,0.228007643,81,422
12,0,2.6716,70,4,4,3.07586835,2,397.3392857,24,15,0.446309334,85,1145.5
3,4,1.32412,74,4,4,3.00019673,4,226.125,24,8,0.349447048,65,653
20,1,2.7753,75,5,4,3.752795529,1,965.7368421,24,14,0.32747939,40,3795.5
6,3,1.96631,80,4,4,2.855005558,4,545.65,24,6,0.356717466,80,1312.5
9,0,1.9495,60,10,3,4.01972585,1,349.7391304,23,10,0.645590693,0,1143
20,1,1.23132,40,14,3,4.118423597,1,450.6097561,23,23,0.499759843,0,2194
6,3,3.10261,65,3,3,3.803869345,3,422.0769231,23,10,1.025745044,99,2193
12,1,2.52569,65,6,3,3.84737576,1,473.5833333,23,18,0.972949047,10,1581.5
6,4,4.42874,65,5,3,3.609191514,4,359.9642857,23,8,0.606387372,100,1030.5
12,0,2.45412,79,5,4,4.61111178,2,554.125,22,13,0.76785519,59,1352.5
9,1,1.1463,63,10,4,4.551752511,1,524.46875,22,6,0.993771947,9,1939
6,0,2.799,49,1,1,4.91056186,1,280.25,24,12,0.637475806,0,622
6,4,1.9495,65,3,1,4.671921414,2,371.4,24,2,0.887956317,59,664
3,1,2.00771,10,3,1,4.550517312,1,315,24,5,0.754261443,29,837.5
20,1,1.50127,4,17,1,5.108576852,1,437.7209302,24,23,0.954275296,0,2824.5
3,5,1.53724,20,1,1,4.57755945,3,401.8333333,24,5,0.861406204,54,1184.5
6,2,0.83561,10,6,1,4.708319341,2,343,24,10,0.629379662,70,1589
3,4,1.33663,9,2,1,4.399504921,4,457.0833333,24,4,0.634163116,73,1146.5
1,0,4.70952,61,0,1,3.412467696,2,282.5,29,2,0.278439759,37,342.5
9,0,3.31747,52,2,1,3.897989651,1,378.675,29,15,0.770147025,52,1384
3,1,1.84722,54,0,1,3.511098325,1,414.8,29,5,0.614219962,39,865
6,3,0.85756,48,0,1,3.586059175,3,558.95,29,7,0.751579721,64,2516
6,0,3.27671,50,4,3,4.08957285,1,361.5769231,22,7,1.184585464,24,1020.5
1,2,2.10114,42,0,3,3.384371329,2,1035,22,1,0.451917611,70,1035
1,0,1.91858,100,0,3,2.862682006,2,299.5,23,3,0.228965741,70,471
6,0,3.48646,70,1,3,3.237256813,1,443.1,23,8,0.6956199,10,1328.5
12,1,1.69393,60,8,3,3.322493852,1,525.8157895,23,10,0.912235852,10,1423
1,1,2.62593,90,0,3,3.156953384,1,919,23,1,0.148733048,39,919
1,0,2.54429,89,0,6,3.248161786,1,383.75,25,2,0.139525272,49,401.5
6,5,3.07228,69,0,6,3.599728128,3,843.4,25,5,0.892741213,69,1120
6,1,1.48588,9,0,6,3.184308292,1,858,25,2,0.551744409,19,1284
3,1,2.54409,50,0,6,3.038430212,1,1391.75,25,2,0.647445634,30,2085.5
1,4,1.83696,97,0,3,2.249687592,4,185.3,22,5,0.308074078,96,296
6,3,1.51746,79,8,3,2.67780661,3,301.3611111,22,7,0.690991991,76,998.5
6,1,2.71926,79,10,3,2.487614531,3,296.8235294,22,7,0.431837536,36,526
1,3,1.61609,81,0,3,2.304152385,4,280.5,22,3,0.273438535,79,370
6,5,1.44788,59,3,4,2.826713871,2,369.0384615,27,6,0.492108894,42,1887
1,5,1.62285,97,0,4,2.580834844,2,1034,27,1,0.347106307,92,1034
6,5,3.88081,89,3,1,3.486937574,2,241.09375,26,8,0.814951818,78,402.5
3,4,2.7977,90,0,1,3.485234428,4,703.5,26,4,0.618061192,70,1869.5
1,1,3.47777,95,0,1,3.169932059,1,436.75,26,1,0.271533704,39,560
12,0,2.09234,75,3,2,4.302138127,1,479.4047619,22,14,0.914330523,18,1491
3,1,2.24598,79,0,2,4.020552949,1,390.7857143,22,5,1.008905372,18,761
3,2,3.27321,79,5,2,3.88514443,2,355,22,3,0.808433284,69,788.5
9,5,1.70665,71,7,2,4.225996246,2,333.8095238,22,9,1.02330325,70,1146
1,5,0.72995,86,1,2,3.486957795,3,393,22,1,0.473798115,71,534
1,5,3.15647,79,1,3,3.443382722,1,231.25,24,3,0.121291512,2,483.5
9,3,2.3179,74,5,5,3.792749087,3,425.7368421,23,13,1.299587668,71,1323.5
6,1,2.0175,60,5,2,3.291539684,1,441.125,25,5,0.868651309,0,796.5
6,4,3.55424,66,5,2,3.456512299,4,266.5357143,25,9,0.937331612,49,631
3,2,2.58216,78,1,2,3.339078337,2,404.5714286,25,5,0.674646942,54,1097
9,2,0.79729,52,8,2,3.546170722,2,326.7777778,25,8,1.135486771,35,1039.5
20,1,1.85786,51,17,2,3.888384393,1,592.921875,25,14,1.030704842,0,3728.5
3,4,1.4966,87,5,2,3.323918635,4,220.0416667,25,7,0.405004978,50,521.5
6,1,1.88335,59,6,2,3.364853789,1,335.0666667,25,9,0.652699111,1,1192
3,5,1.96597,80,1,3,2.572890545,3,353.8571429,22,6,0.515709083,85,804
1,5,0.87946,94,0,3,2.335476971,3,576.5,22,1,0.452605345,85,576.5
3,4,0.93949,96,2,3,2.472951329,4,498.5,22,2,0.661481816,91,1139.5
3,3,0.76332,79,2,3,2.455234771,3,426.9,22,2,0.508411826,70,988
20,1,2.08111,92,15,2,4.142116756,2,301.779661,26,32,0.97692779,59,1484
1,2,1.29855,100,0,2,3.247653771,2,444.25,26,2,0.378541643,89,588
3,1,1.46221,90,3,2,3.677602361,1,395,26,3,0.703773683,39,766
1,1,2.53371,84,0,3,4.000218133,4,284.1666667,26,3,0.379820962,69,360
6,5,1.58954,84,4,3,4.300988351,4,455.4545455,26,7,0.7263814,74,2008.5
9,4,2.25928,65,2,3,4.338271473,4,558.5666667,26,13,1.050366978,79,1512.5
6,0,3.66464,50,0,5,3.956842382,1,368.2857143,22,12,0.950247859,10,612.5
1,5,1.72807,39,0,5,3.238907266,3,179.25,22,4,0.47625886,81,249
6,1,1.32139,30,2,5,3.89370164,1,260.4,22,11,0.843341494,19,650.5
9,0,3.84925,51,1,6,4.459563916,2,526.6666667,24,12,0.743040484,52.5,1945
3,0,2.005995,98,2,6,4.376462592,2,223,25,4,0.768668472,0,287.5
6,4,2.9392,71,7,6,3.620285211,4,414,25,5,0.595533693,90,1282
6,3,1.21698,98,5,6,3.461169303,3,442.2222222,25,4,0.629430049,75,1129
3,1,1.40579,83,4,6,3.524219739,1,304,25,5,0.357279968,18,490.5
12,0,2.0181,79,0,3,3.786620177,2,2935,24,2,0.100148881,69,5528
3,4,3.13005,80,0,3,2.54604826,4,3036,24,1,0.003233238,99,3036
9,1,1.56568,68,2,3,3.716795749,1,977.25,24,0,0.828214994,60,1300.5
12,1,1.45555,65,0,3,3.514445043,1,12034,24,1,-0.027899878,54,12034
3,1,1.83546,63,0,3,3.159877579,1,3023,24,1,0.155999432,51,3023
1,0,3.77646,50,0,6,3.881234101,1,197,23,3,0.410379374,40,309.5
12,0,1.96727,45,1,6,4.60101822,2,414.92,23,23,1.319604803,40,1157
9,1,3.20988,50,3,6,4.607926489,1,272.0666667,23,21,1.295898206,45,820
1,3,1.96646,70,0,6,3.900298885,2,224.625,23,3,0.510691206,55,316.5
9,1,2.09926,35,6,6,4.191884226,1,269.7833333,23,20,0.876421306,34,1003
6,4,2.04561,80,2,2,3.791400475,4,517.75,26,4,0.970633449,99,1353.5
1,5,2.47357,70,0,2,3.287526598,3,172.5,26,2,0.289658614,65,218.5
3,4,3.63117,77,2,3,4.23720106,4,343.875,28,6,0.369905934,77,786
9,2,1.84914,75,4,3,4.30745342,2,601.8571429,28,6,0.823211771,74,3641
3,1,1.86225,60,1,3,4.181901126,1,282.3333333,28,6,0.020171387,44,632.5
20,1,1.99518,55,11,3,4.178725629,1,526.2142857,28,17,0.2380289,40,3190
1,0,1.96614,70,0,4,2.939300877,2,755.5,24,1,0.25200971,54,755.5
9,2,3.20908,60,6,4,3.328490193,2,410.0588235,24,11,0.813849972,69,2144.5
1,5,1.49059,79,0,4,2.838822155,2,1025,24,1,0.404831705,69,1025
3,0,3.31846,50,2,3,3.341217306,1,389.4166667,22,4,0.620696978,59,637.5
9,0,4.95697,65,4,3,3.576545107,1,515.40625,22,10,0.969198698,39,1663
3,3,2.25674,70,3,3,3.274219337,3,316.4285714,22,4,0.75790128,79,822.5
3,1,1.44955,29,1,2,3.301507963,1,434.0833333,26,5,0.725647568,19,1194.5
6,4,3.89852,60,4,2,3.621973561,3,452.8333333,26,5,1.291646239,79,953
6,1,1.53529,40,8,2,3.554782864,1,263.7,26,7,1.070954554,9,568
9,1,1.46424,30,7,2,3.567911031,1,603.1923077,26,5,0.94491326,19,2782.5
6,0,3.72572,91,0,5,4.846664357,1,442.9444444,23,8,0.83037303,29,956
9,1,1.0365,90,0,5,4.729622847,1,573.1428571,23,8,0.697008506,22,2454
6,1,1.47099,74,8,4,4.091114372,1,418.3846154,25,5,0.655332902,25,1742
1,5,2.21362,80,0,4,3.918009619,4,186.5,25,1,0.494723249,95,186.5
9,1,1.58233,50,11,4,3.680901652,1,476.3611111,24,7,0.61564078,29,2678.5
6,2,1.17884,59,2,4,3.490529429,4,397.9375,24,4,0.775503383,50,1883
3,5,3.34934,50,0,4,3.268671156,4,208.375,24,4,0.587878487,69,254.5
9,1,2.0703,78,7,4,3.199344318,1,536.40625,24,6,0.723877549,28,1353
9,0,1.907685,50,1,6,4.513565914,2,546.8333333,24,13,1.408315956,59,1450
6,1,2.17424,49,2,6,4.415523585,1,428.9166667,24,7,1.287003612,34,776.5
9,3,1.21137,39,5,6,4.919068306,3,532.5714286,24,8,1.200744314,87,1636
6,0,1.92234,94,2,4,3.067941195,2,342,24,7,0.373050572,54,485.5
9,3,4.14853,99,6,4,2.989937498,3,450.9444444,24,10,0.52206134,94,1190
12,1,3.39853,80,6,4,3.259700797,1,734.1,24,8,0.615351882,59,2386
6,2,1.40935,85,2,4,3.63935833,4,272.625,24,4,0.247533357,85,495.5
9,5,4.19288,90,11,4,3.168065313,4,382.8684211,24,8,0.375064143,90,1659
12,0,2.36808,55,0,3,4.435028172,2,359.64,23,20,1.179847634,67,840.5
1,2,2.29987,60,0,3,3.6211981,1,160.125,23,4,0.143728611,4,191.5
6,2,0.90327,39,7,3,3.762318036,2,327.0588235,23,10,0.869722732,90,1324.5
3,3,1.26681,59,2,4,4.167032928,3,292,22,4,1.259144436,80,668
1,5,2.04047,99,0,4,3.558007708,2,464.75,22,2,0.659922551,93,768.5
3,2,1.08517,68,4,4,3.951610338,2,286.3333333,22,5,0.901150486,73,634.5
9,2,1.43829,77,8,4,4.024979789,2,526.59375,22,6,0.836355175,87,2363
12,0,3.26119,20,2,1,4.833301774,2,971.3636364,24,7,1.011372859,29,5564
1,4,4.41264,50,0,1,4.363165334,4,1036,24,1,0.314541774,90,1036
1,5,1.20082,19,0,1,4.145384719,3,315.1666667,24,3,0.180357083,90,556
3,4,2.33588,55,0,1,3.661271406,1,400.9166667,29,3,0.700222076,50,1025.5
6,1,1.42913,50,0,1,3.723278037,1,451.0833333,29,7,0.514772244,28,1018
3,5,1.16288,45,0,1,3.489233565,4,479.4166667,29,6,0.751326221,47,1071.5
3,0,3.53525,55,3,3,3.901477261,1,346.375,22,5,0.945981989,0,593
1,3,1.94983,33,0,3,3.030562514,3,1032,22,1,0.803953814,87,1032
3,1,0.9251,45,2,3,3.444076387,1,538.7,22,3,0.566691512,39,1142.5
9,1,1.6413,50,6,3,3.652267009,1,402.7368421,22,8,1.036236468,30,1750
3,5,1.11732,74,3,3,3.506058545,3,237.25,23,7,0.694985294,80,713.5
9,2,1.08855,80,7,3,3.404159195,2,448.3235294,23,9,0.611194024,79,2499
3,2,1.11677,79,3,3,3.249966188,2,328.1428571,23,3,0.580788493,94,685
9,3,1.65287,79,0,6,3.666510901,4,804.15,25,8,1.170854533,60,3177.5
3,1,2.0798,19,0,6,3.077780974,1,979.5,25,1,0.43554942,20,979.5
20,1,1.84936,99,8,6,3.475001162,1,763.46,25,13,0.832432806,39,5770
1,1,3.68423,69,0,3,2.484630135,2,415,22,2,0.391441562,32,555.5
9,4,1.82436,68,4,3,2.893926286,2,406.0882353,22,11,1.109038062,70,776
1,1,1.93084,98,1,3,2.252466976,3,252.3333333,22,2,0.195320773,67,341
6,0,3.03545,89,0,4,3.279791294,1,507.5,27,8,0.221127303,8,1073.5
1,1,2.82265,56,0,4,2.892483693,1,685,27,1,0.282956656,56,685
1,2,1.69152,34,0,4,2.749003017,2,207,27,1,0.278595439,92,207
9,3,3.2753,89,4,1,3.450897104,3,513.5625,26,9,0.758941994,97,2215.5
3,1,3.84499,92,0,1,3.459262781,1,281.3888889,26,7,0.397963804,20,856
12,1,2.36369,85,2,1,3.173798879,1,436.5,26,20,0.124570281,26,1377
12,1,2.36009,88,3,1,3.32894568,1,444.86,26,18,0.121808455,18,2201.5
12,1,2.32499,74,6,2,4.11101198,1,601.8684211,22,11,1.314057929,14,1916.5
9,2,2.12479,70,10,2,4.281952261,2,444.2631579,22,9,0.891948509,75,2514
1,1,2.30404,88,0,2,3.866739592,1,286,22,2,0.411263291,18,385
1,3,2.67177,89,0,2,3.633102055,3,374,22,2,0.387665118,42,494
3,1,1.4893,65,3,2,4.076536469,1,295.9444444,22,5,0.722612742,6,627
6,1,1.14414,67,4,2,4.004067225,1,253.6923077,22,7,0.725432734,13,875
3,0,2.60466,60,0,3,3.717595114,1,271.7,24,10,0.44268213,0,746
12,1,2.35088,50,4,3,3.796145949,1,437.2115385,24,20,0.564390512,0,1358
9,1,1.39314,50,8,3,3.674340407,1,367.5909091,24,12,0.632824165,0,1238.5
3,1,1.36417,69,3,3,3.59740813,1,191.9545455,24,8,0.277994268,8,498.5
3,3,1.5767,78,4,5,3.597216936,3,226.7727273,23,5,0.693975266,63,383
6,5,2.43286,61,6,5,3.494630631,3,311.78125,23,7,0.999166067,85,897.5
6,3,2.74692,74,5,5,3.837138201,3,303.4285714,23,7,0.952162339,71,580
12,1,1.62829,78,3,5,3.774883252,1,580.2368421,23,14,0.964147516,16,3454.5
6,4,0.97863,76,2,5,3.653545919,4,490.55,23,7,1.034884305,79,3024.5
1,2,2.69913,78,0,2,3.127888573,2,224.875,25,3,0.366521691,33,271
3,3,1.6618,59,3,2,3.273623104,3,315.0833333,25,3,0.863834013,39,694
9,0,3.23404,60,7,3,3.166364232,1,357.8809524,22,12,0.65301601,0,1961
1,3,1.18357,84,0,3,2.596958715,3,1029,22,1,0.473073123,85,1029
9,2,0.77645,75,2,3,2.737802097,2,436.9285714,22,9,0.79667546,69,2918
12,1,1.72066,69,6,3,2.738348055,1,380.8448276,22,22,0.785558964,30,878.5
1,2,2.08376,95,0,3,2.513762851,2,1032,22,1,0.15719977,90,1032
6,1,3.07883,90,4,2,3.8606015,1,362.4285714,26,6,0.939296935,20,709.5
3,1,3.52211,80,2,2,3.538907941,1,352.4285714,26,5,0.652790295,50,1225
3,3,1.10176,95,3,2,3.612609687,3,268.7,26,6,0.602138211,99,793
3,2,0.95098,90,3,2,3.698585484,2,330.1428571,26,4,1.173705367,100,804.5
1,0,2.14506,85,0,3,4.175526372,2,234.5,26,4,0.375959648,50,415
3,5,2.35526,75,2,3,4.259355795,2,287.4444444,26,6,0.860332897,94,887
6,1,1.56536,77,13,3,4.244633265,1,270.875,26,7,0.8360057,39,686.5
1,5,4.43198,94,0,3,3.832374957,4,296.1666667,26,3,0.399284333,89,442
12,1,1.72778,45,0,5,3.863661248,1,512.8863636,22,15,0.867090218,9,1331
9,5,0.96421,42,3,5,3.864232298,2,394.8571429,22,13,1.367849743,60,1088.5
1,4,1.46902,40,0,5,3.434106549,4,203,22,3,0.357637148,79,271.5
3,2,3.22913,59,3,6,4.176550979,4,296.5555556,24,3,1.07494222,69,856
9,5,1.78209,39,5,6,4.492837908,4,311.6086957,24,14,1.091237798,90,925.5
3,1,3.57063,70,4,6,3.962139268,1,220.75,24,6,0.8485958,29,449.5
9,2,1.17695,39,3,6,4.181912462,4,487.3823529,24,9,1.328991339,70,2013.5
3,4,0.84141,40,0,6,4.014273569,4,326.25,24,7,0.924872006,70,617.5
1,0,2.88429,89,0,6,4.046257363,1,328.5,25,2,0.352195192,3,362.5
9,4,3.93167,81,6,6,4.342301805,3,477.1470588,25,7,0.653628532,90,1899
3,3,3.32398,70,4,6,3.9745177,3,309.6428571,25,3,0.586322185,91,575
6,1,1.12807,59,8,6,3.612561912,1,325.4411765,25,7,0.265583315,12,706.5
1,0,1.981995,50,0,3,3.114132499,2,1031,24,1,0.34282488,50,1031
6,4,4.14297,50,6,6,4.479888522,4,252.3571429,23,13,0.67487495,65,750.5
12,1,2.97824,60,2,6,4.412497142,1,427.4423077,23,23,0.852108846,49,876.5
1,1,2.85232,70,0,6,3.715348587,3,192.3333333,23,3,0.494893858,60,319
3,3,3.95512,40,0,6,3.944208624,3,312.25,23,6,0.500959182,60,1000.5
9,0,1.94983,78,8,2,3.893853675,2,409.8157895,26,10,0.546502701,24,1301.5
20,1,3.3568,44,16,2,4.237529468,2,578.2580645,26,14,0.581374025,13,2497.5
1,4,2.12344,66,0,2,3.333366498,4,217.5,26,1,0.358782786,90,217.5
12,0,2.22698,69,6,3,4.80333476,2,406.2115385,28,15,0.823476639,54,1230
9,0,2.67442,60,4,3,4.442780075,1,516.3125,28,7,0.491140631,48,2109.5
3,1,2.51857,53,2,3,4.618038921,3,385.1666667,28,3,0.46730578,43,771.5
6,1,1.56084,60,6,3,4.211895303,1,320.8928571,28,8,0.390429736,40,1427
9,1,2.45357,77,0,3,4.248479823,1,503.53125,28,7,-0.013871762,59,1577.5
6,4,1.64574,67,5,3,4.325076922,4,378.7142857,28,9,0.713404534,79,1727.5
3,5,1.83869,69,2,3,4.142772254,2,266.8888889,28,6,0.269328497,74,448.5
1,3,2.04224,69,0,3,4.064567668,2,195.25,28,4,0.300533762,79,343.5
6,4,3.47787,19,5,4,3.315784657,2,362.8181818,24,6,1.024782521,79,1038.5
6,2,1.98585,60,4,4,3.130649147,2,416.3076923,24,8,0.670441374,60,1566.5
3,1,4.35399,60,0,3,3.520900662,1,558.8,22,4,0.700468542,39,1201.5
9,4,4.35142,40,2,3,3.614138279,3,385.4722222,22,13,1.039704943,90,1270.5
1,0,4.56677,90,0,2,2.963087806,1,204,26,1,0.390888899,29,204
6,1,1.40926,80,6,2,3.304627516,1,437.35,26,3,0.833826026,9,1005
9,1,1.09149,89,0,5,4.943377985,4,494.0882353,23,10,0.918777493,30,952.5
9,0,3.07213,70,4,4,4.493654214,1,354.8095238,25,12,0.901686416,20,1001.5
12,0,2.35781,50,6,4,4.721701797,4,509.7272727,25,16,0.564479937,39,2877.5
20,1,1.59492,24,10,4,4.664252088,1,817.2727273,25,10,0.711715367,10,4793
3,2,0.88045,37,3,4,4.415946275,2,379.2857143,25,4,0.820689989,85,1565
9,2,1.51706,79,4,4,3.155216101,4,548.1818182,24,5,0.954470008,49,1067.5
9,5,1.50615,69,4,6,4.761646234,4,385.6052632,24,13,1.373902385,95,787
3,1,1.98271,51,1,6,4.832826742,4,387.5,24,4,0.49907198,69,640.5
12,1,1.50865,40,7,6,5.006492439,1,408.5555556,24,17,1.326118776,39,2096
20,1,1.46644,74,22,4,3.050655408,1,503.1428571,24,13,0.305355614,40,2626.5
9,0,1.92596,55,1,4,4.239826287,2,685.7272727,22,9,1.067940685,5,1758.5
3,0,1.85407,70,2,4,4.118388516,1,348.2857143,22,4,1.109626347,10,747.5
3,4,1.44044,65,3,4,4.13422894,4,238.75,22,5,1.097526136,79,337.5
6,1,1.25201,57,3,4,3.960377228,1,431.3461538,22,6,0.637731007,8,2266.5
1,2,1.27716,25,0,1,4.583243583,2,275,24,3,0.404333352,69,544
20,1,1.96793,59,11,1,3.815517733,1,516.4142857,29,18,0.718309807,39,2497
6,2,1.06443,60,0,1,3.696515735,2,302.55,29,7,0.810140494,49,702
1,3,1.36599,54,0,1,3.4164736,3,393.75,29,2,0.469881909,66,480.5
6,2,2.16933,80,8,3,3.677649259,2,274.025,22,12,1.487801482,59,451.5
9,3,1.43388,70,4,3,3.489744508,4,607.7692308,22,9,1.105190828,76,2139
12,0,2.42243,79,0,3,3.744019553,2,1043.05,23,9,0.754123063,0,3545.5
3,3,1.44753,38,4,3,3.637833826,4,243.5625,23,4,1.05325181,100,454
20,1,1.90576,59,16,3,3.324698214,1,443.0952381,23,26,0.521786468,19,4203
3,1,1.57527,89,2,3,3.400374314,1,310.3571429,23,5,0.561244955,29,458.5
3,3,1.98121,39,0,6,3.822961203,4,338.375,25,4,1.225647403,95,485
9,4,3.22053,60,0,6,4.032887864,2,682.875,25,11,1.059076573,60,2666
1,1,3.06062,79,0,6,3.084292434,1,296,25,2,0.296077852,49,370.5
6,2,1.85452,70,0,6,3.49885876,2,1030.1,25,5,1.062120962,79,3005.5
9,5,1.60014,59,0,6,3.534377379,4,1381.833333,25,2,0.987229237,79,2895
6,3,1.3202,69,0,6,3.34817337,3,637.0833333,25,4,1.000650045,69,1195.5
20,1,2.81861,64,13,3,2.918477568,1,414.4666667,22,29,0.891899751,40,1232
6,2,1.08288,62,5,3,2.720320514,2,388.4090909,22,6,0.951260384,64,871.5
3,2,1.66381,76,3,3,2.57282521,2,341.2857143,22,3,0.414494427,89,608
9,5,3.49776,99,9,4,3.108910612,2,429.1666667,27,8,0.69772742,83,1943
3,2,2.19211,66,3,4,2.791800607,1,330.9375,27,3,0.382449646,54,885.5
9,1,2.02957,25,10,4,2.957031238,1,447.3333333,27,6,0.342079309,12,1446
9,3,1.27837,9,8,4,2.835194576,3,390.8,27,10,0.472249241,85,1270.5
12,1,1.49713,5,5,4,2.826209927,1,480.75,27,15,0.405155044,8,1756
3,2,2.5358,89,0,1,3.305950864,2,247.6875,26,5,0.541919642,90,480.5
3,0,2.74133,69,3,2,4.096781303,1,467,22,3,0.937287654,9,996.5
20,1,1.51047,75,0,2,4.120652552,1,3783,22,5,0.665208559,17,15524.5
1,0,4.28451,59,0,3,3.403695424,1,110.1666667,24,4,0.268212384,0,182.5
12,0,2.96586,60,2,3,3.919008044,2,321.9193548,24,24,1.010598022,49,852
6,2,1.75251,49,4,3,3.60304264,2,383,24,8,0.621297535,29,1573
3,4,1.05782,30,3,3,3.569410101,4,227.3333333,24,9,0.805241419,79,600
9,5,2.1399,70,8,3,3.61990475,2,343.5434783,24,14,0.597281242,39,1753.5
6,0,4.54538,79,3,5,4.041283023,1,336.9333333,23,11,1.070994642,19,733
1,5,1.87771,77,0,5,3.314848929,2,167.25,23,1,0.43939661,84,217.5
9,4,2.75191,63,7,5,3.789292248,1,366.9545455,23,13,1.154323713,10,1228.5
1,1,2.60637,75,0,5,3.144630506,4,370.5,23,2,0.14992293,44,540
9,0,2.39391,49,8,2,3.817368645,1,370.3181818,25,13,1.078556199,0,1045.5
9,1,1.35138,85,11,2,3.571155046,1,333.6086957,25,10,0.613590992,0,957
1,1,2.48179,95,0,2,3.237621288,1,261,25,3,0.234893747,19,392
6,2,1.1502,79,8,2,3.520580089,4,377.3666667,25,7,0.748931367,35,1573.5
1,0,2.08871,50,0,3,2.776974139,2,197.8333333,22,3,0.252278076,50,253
20,1,1.81906,70,23,3,3.037559954,2,444.5714286,22,18,0.802858601,19,1731
1,4,2.1399,100,0,3,2.493613959,4,164.5,22,2,0.443511044,90,192.5
6,4,0.8494,75,6,3,2.697586827,4,422.2692308,22,7,0.845888906,80,1114
12,1,1.87421,74,4,3,2.764481913,1,592.0294118,22,12,0.969982893,19,2711.5
3,1,1.57562,90,2,3,2.448259306,1,424.8333333,22,4,0.339257922,39,1083
9,0,2.078505,25,4,2,3.983849236,2,445.6111111,26,10,1.249473016,0,1789.5
1,1,4.18233,100,1,2,3.068752841,2,227.375,26,3,0.546767652,80,356
9,5,1.74066,90,6,2,3.995653573,2,346.7272727,26,14,1.51825864,100,1892.5
6,3,1.10005,100,5,2,3.947422933,3,274.2941176,26,12,1.197175953,50,686.5
1,3,0.79371,99,0,2,3.319819061,3,319,26,2,0.559282913,100,515
3,0,2.082155,70,2,3,4.391583926,2,271.8333333,26,7,0.760595594,49,472.5
9,2,1.56922,60,6,3,4.4157888,2,346.75,26,9,1.401784694,94,937
6,4,2.11473,79,3,3,4.367086435,4,430.5769231,26,6,1.05353435,94,1809.5
1,3,2.42437,89,0,3,4.073019001,3,302.5,26,2,0.381225888,94,398.5
20,1,1.09536,59,18,3,4.517136249,1,399.4361702,26,26,0.730527904,39,1058
9,3,1.12546,80,11,3,4.605590594,3,362.1521739,26,9,0.547552805,85,1255
1,0,2.28493,50,0,5,3.269598246,1,418,22,1,0.40836114,19,418
1,0,2.50246,59,0,6,3.973977456,2,436.25,24,2,0.29679112,30,566.5
6,1,1.53183,60,7,6,4.123482059,1,332.9642857,24,4,1.042309498,28,849
12,1,1.65846,50,11,6,4.291501852,1,374.0172414,24,14,1.310627339,39,1195
20,1,4.03571,39,7,6,4.567576383,1,418.1071429,24,25,0.958858871,29,3422.5
6,0,3.83053,90,2,6,4.289498459,1,380.5,25,10,0.366305407,5,1201.5
9,0,2.36385,77,6,6,4.320218898,1,641.2307692,25,6,0.548553426,0,2787.5
12,1,2.00486,83,9,6,4.096664696,2,527.1111111,25,6,0.357232832,89,1750
1,2,4.75062,68,0,6,3.798958963,2,1030,25,1,0.314325023,86,1030
6,2,2.86946,80,4,6,3.903927075,4,482,25,7,0.793154994,91,1833
6,5,1.98585,75,0,3,3.092260183,2,475,24,1,0.664188086,89,475
6,4,1.52751,80,0,3,3.601175818,4,6030,24,1,0.015978391,95,6030
1,4,1.05235,75,0,3,3.206213374,4,1028,24,1,0.093850567,94,1028
9,5,1.79819,71,0,3,3.429778784,2,4992.5,24,1,0.198230528,86,4992.5
9,1,1.76594,71,0,3,3.716762263,1,9031,24,1,0.661377851,58,9031
3,0,1.96646,39,1,6,4.279557435,2,296.3125,23,7,0.8684621,51,553.5
1,2,1.9887,55,0,6,3.998193302,4,211.375,23,4,0.745391789,50,310.5
12,1,2.12532,62,2,2,3.6326841,1,1279.625,26,6,0.496869871,27,5080.5
3,2,2.53062,84,4,3,4.447620589,4,224.1666667,28,5,0.619107789,89,493.5
1,4,1.72592,64,0,3,4.067397645,4,162.25,28,2,0.438291792,84,167.5
9,0,1.96614,34,6,4,3.659663808,2,494.40625,24,7,0.703421088,9,1570.5
12,1,1.65445,19,3,4,3.357875706,1,985.6111111,24,5,0.7453299,9,2513
6,1,1.76567,49,2,3,3.366276255,1,330.21875,22,5,0.395164412,24,1366.5
9,3,2.22932,29,7,2,3.484126531,3,425.3947368,26,12,0.983921691,79,1790.5
9,1,1.57539,69,6,2,3.302526444,1,492.7352941,26,9,0.549896825,10,1251
6,5,1.58949,49,6,2,3.50479066,3,332.71875,26,10,1.119152247,70,993
9,4,2.09188,89,1,2,3.562231942,4,627.2307692,26,12,1.608534932,59,1640.5
3,3,0.99309,19,4,2,3.398967168,3,317.8571429,26,3,1.07134276,70,736.5
6,3,0.66012,89,0,5,4.944498749,3,442.9166667,23,9,1.323707348,79,1888.5
1,1,1.27051,89,0,5,4.072034062,1,1038,23,1,0.478192545,87,1038
9,5,0.57053,79,0,5,4.818820967,3,565.6,23,4,1.455651471,80,1044.5
1,0,1.91824,74,0,4,3.89443129,2,288.3333333,25,3,0.41808614,24,415.5
3,1,2.6874,74,3,4,4.4484798,1,269.2,25,7,0.657061726,24,626
6,4,0.98916,40,4,4,4.448880566,4,384.4642857,25,10,1.374602993,99,1316
6,5,0.78938,20,6,4,4.339621545,3,300.4230769,25,7,0.892026885,81,884
3,4,0.78034,80,4,4,4.075056363,4,266.35,25,6,0.844154491,94,917.5
3,4,2.24624,29,3,4,3.567012671,1,327.625,24,5,0.92694924,30,806
6,5,2.20737,59,5,4,3.465441376,3,287.5588235,24,10,0.782898355,69,915
1,2,2.82775,60,0,4,3.169493655,4,788.5,24,1,0.346875857,80,788.5
6,0,3.50686,90,4,6,4.639640401,4,256.452381,24,15,0.956060987,59,622
6,1,2.32863,48,5,6,4.833360839,1,312.2058824,24,10,1.041714977,24,702.5
9,1,1.77602,30,8,6,4.806403936,1,357.3478261,24,13,0.894699222,44,718.5
9,4,1.38591,39,3,6,4.876619445,4,425.1470588,24,13,1.423432593,92,1168.5
3,3,2.28909,80,0,4,3.819088987,3,689.625,24,0,0.271668128,94,1535
3,1,3.33494,75,1,4,2.985090038,1,448.75,24,5,0.161335672,60,1020
1,4,1.26608,74,0,4,2.928637628,4,853.5,24,1,0.279922924,89,853.5
9,1,1.59522,34,7,3,3.772795196,1,576.7142857,23,7,0.772953799,19,1911
3,1,2.00713,29,3,3,3.584727862,1,243.2272727,23,8,0.211572194,9,470
3,4,1.89561,89,2,3,3.71395525,4,344.7,23,3,0.746498142,99,584.5
1,5,1.52677,85,0,3,3.608921093,4,274.1666667,23,3,0.293313619,100,419
6,0,1.72979,79,5,4,4.466336626,1,367.9642857,22,7,1.192107823,58.5,1065
1,1,2.00384,98,0,4,3.579855357,1,283.75,22,2,0.476600673,21,357
9,4,1.43944,70,1,4,4.394770268,4,644.6153846,22,10,1.127856609,92,2137
3,1,1.0541,73,3,4,4.028351612,1,279.3888889,22,6,0.756469094,18,489.5
20,1,1.19036,40,18,4,4.397532775,1,450.2195122,22,16,0.921096667,10,1141
1,4,0.74132,85,0,4,3.634755629,4,143,22,2,0.644362312,94,177.5
9,2,0.92901,39,5,1,4.831532578,2,535.84375,24,10,0.973923926,60,2340.5
1,0,2.27387,31,0,3,3.063328088,1,425.25,22,2,0.382057236,8,609
6,3,1.36089,69,2,3,3.757318357,3,235.3,22,6,0.999401667,92,626.5
1,1,1.7508,58,1,3,3.055894175,1,257.3333333,22,2,0.402026807,33,365
3,3,1.91428,60,4,3,3.34440021,3,329.9285714,22,3,0.475412792,78,860
9,0,3.38736,60,3,3,3.309154717,1,569.7142857,23,10,0.742660788,0,1801.5
3,1,1.357,80,3,3,3.351200202,1,225.7857143,23,4,0.561116442,9,502.5
1,5,4.9188,89,0,3,2.828906658,4,220.25,23,2,0.329008101,80,232.5
1,4,1.36066,80,0,3,3.065442723,4,141.5,23,2,0.335401287,89,159
6,3,1.36818,75,6,3,3.153860257,3,463.7083333,23,6,0.413330219,69,1718.5
9,5,0.94282,85,1,3,3.277666804,3,711.5833333,23,11,0.809020433,85,2698.5
12,0,1.87673,50,0,6,3.804011786,2,962.2727273,25,10,0.944383531,59,2267
1,5,2.35783,60,0,6,2.964651243,3,1036,25,1,0.472573982,80,1036
3,2,3.03609,80,0,6,3.198193747,1,937.3333333,25,2,0.63454103,79,1501
12,0,2.51045,26,0,3,2.872320922,2,765.6,22,13,0.647011287,10,2458
3,3,2.02406,49,8,3,2.890798499,3,226.6363636,22,2,0.539450007,61,316
3,1,2.91501,40,2,4,2.891745461,1,344.2857143,27,4,0.459148237,62,626
12,0,4.80219,89,0,1,3.818148659,4,338.234375,26,24,0.733954586,20,874.5
3,0,2.63056,79,0,1,3.643468039,1,396.2142857,26,6,0.020504757,9,636
6,1,3.05447,90,6,1,3.512861555,1,249.1764706,26,6,0.492465014,22,655
6,1,1.96216,88,1,1,3.10032744,1,720.2857143,26,5,0.078781147,15,2390
6,3,2.42741,92,0,1,3.09201205,4,312.8235294,26,11,0.005440049,81,761
3,4,2.44468,85,2,2,3.768813896,4,227.5,22,3,0.83437447,90,466.5
9,4,3.38921,70,5,3,3.775680554,4,299.5384615,24,16,0.550307415,40,894.5
1,4,1.37288,55,0,3,3.567556816,4,141.1,24,5,0.325412433,59,185
6,3,3.02478,65,8,3,3.533036823,2,277.5263158,24,11,0.422272219,49,1213.5
3,0,4.98897,81,1,5,3.611844189,4,579.2,23,4,0.560722238,30,1319.5
3,4,3.38477,78,0,5,3.437980892,4,317.5,23,7,0.529809559,34,736.5
9,1,2.55531,71,6,5,3.701719844,1,330.34,23,13,0.946405513,6,630.5
1,3,3.55674,85,0,5,3.426155994,3,1026,23,1,0.22569857,71,1026
3,0,2.09211,69,0,2,3.552353564,2,560.9,25,5,0.591297996,0,1164
1,0,2.08419,95,1,2,3.320674321,1,286.6666667,25,2,0.073682667,10,378
12,0,1.49853,59,17,2,3.907559999,1,273.8,25,16,1.022927061,0,805
20,1,1.32995,70,21,2,4.181116404,1,398.0638298,25,25,0.794418658,0,1666.5
9,4,1.34229,70,2,2,3.618035218,4,360.375,25,13,1.018926296,51,962
6,3,1.28711,75,2,3,2.676487222,3,351.5,22,7,0.665193669,69,1109
9,3,1.10039,80,5,3,2.883296846,3,615.6785714,22,9,0.62897662,70,2725
6,5,0.76154,89,3,2,3.729075182,3,297.4,26,9,1.272727508,99,940
9,1,1.28735,89,5,2,3.894575448,1,361.6956522,26,15,1.021839778,20,717.5
1,4,1.29102,89,0,2,3.269575283,4,191.5,26,4,0.644406658,99,310.5
6,4,1.15436,70,7,2,3.829651626,4,285.1315789,26,9,1.390023638,100,704.5
3,5,0.95194,90,1,2,3.706160519,3,293,26,6,0.895454915,89,683.5
3,2,3.22782,79,6,3,4.344667102,4,252.2,26,3,0.81557195,70,567.5
6,3,1.94852,85,5,3,4.305535829,3,402.3214286,26,8,0.69885135,69,2126
3,1,1.4698,78,1,3,4.07859678,1,467.4,26,4,0.508705007,38,752.5
3,0,1.52706,59,0,5,3.775464931,4,407.4166667,22,6,1.025806262,49,768.5
12,1,1.46307,41,4,6,4.197424473,1,383.3275862,24,21,0.778019799,19,1732.5
9,3,1.57005,74,2,6,4.238680872,3,474.4166667,25,13,0.682151652,91,1044.5
3,4,3.85635,76,5,6,3.870126489,4,271.75,25,5,0.651962557,99,665
9,5,2.35864,74,5,6,3.716728777,3,397.6388889,25,11,0.766410086,80,1035
3,2,2.45434,71,5,6,3.627405114,2,263.2,25,4,0.245245919,84,312
12,1,2.04652,74,12,6,3.727591271,1,398.8076923,25,10,0.547124789,29,1134.5
9,1,1.47409,68,10,6,3.587400103,1,394.3571429,25,9,0.417310242,5,1252
3,0,1.98428,60,0,3,3.209156565,2,3035,24,1,0.201133015,59,3035
6,1,2.20785,79,0,3,3.296350601,1,6032,24,1,0.743631186,39,6032
3,1,2.06484,59,0,3,3.28970918,1,3026,24,1,0.407507232,49,3026
12,1,2.08101,50,1,3,3.312070337,1,5062.75,24,0,0.719443473,49,9612
9,2,1.09273,76,0,3,2.824865916,2,9035,24,1,0.020460336,74,9035
3,2,2.47455,49,2,6,4.187133857,2,247.45,23,8,0.977242489,40,633.5
9,5,2.47448,64,1,6,4.458981636,4,358.4761905,23,16,1.142508909,60,791.5
3,1,3.4015,59,1,6,4.227835319,1,252.9,23,8,0.484470414,49,348
20,1,2.38499,55,20,6,4.496892017,3,371.39,23,30,0.859727108,45,1576.5
6,5,2.42585,55,11,6,4.105816847,1,289.8157895,23,8,0.856456534,34,576
12,1,1.67737,39,1,6,4.188866336,1,497.673913,23,20,0.882334063,35,1285
12,1,2.95287,50,5,2,3.706239353,1,578.5526316,26,12,0.771004233,36,2025
6,1,2.3698,62,6,2,3.534270428,1,290.75,26,7,0.458833718,9,986
1,1,2.10508,50,0,2,3.276411439,1,92.75,26,2,0.083377347,18,125
12,1,2.23433,55,2,3,4.34551502,1,684.03125,28,8,0.249649137,60,3488
6,2,2.2211,79,3,3,4.281804941,2,410.75,28,5,0.379662891,73,774.5
12,0,4.4057,44,2,4,3.710183798,3,408.7727273,24,15,1.234033799,19,1042.5
3,0,4.25304,40,1,4,3.192132155,1,786,24,2,0.649403535,14,1137.5
3,5,2.31524,49,2,4,3.198394895,3,480.625,24,2,0.68552724,60,965
9,4,2.86643,59,6,4,3.390479554,4,389.4411765,24,10,1.035900828,70,1030
1,2,2.38391,30,0,4,2.964292509,2,307.6666667,24,3,0.351296609,70,413
12,0,4.06544,69,2,3,3.628711283,4,665.9117647,22,11,0.96216595,75,2845
1,5,1.95058,80,0,3,3.042743548,2,1035,22,1,0.303835228,79,1035
12,1,1.69797,29,1,3,3.569895868,1,691.90625,22,13,0.855653792,25,2898.5
9,1,2.10619,59,4,3,3.337878777,1,416.025,22,12,0.723928801,29,1187
1,4,1.92742,60,0,2,3.100685904,2,275.25,26,2,0.374627276,81,357.5
9,2,0.85453,29,6,2,3.684193109,2,575.4,26,9,1.576632499,79,1524.5
6,3,0.65115,30,4,2,3.650489332,3,368.8333333,26,10,0.953655768,79,907.5
3,1,1.16786,60,3,2,3.122930343,1,356.4166667,26,3,0.622152169,9,586
6,2,0.67622,89,0,5,4.811853704,2,331.4545455,23,6,1.414222872,70,903
3,4,1.06075,89,0,5,4.803470974,3,468.6666667,23,6,0.799134603,89,1230
9,4,0.79873,98,0,5,5.039296218,2,632.6111111,23,7,1.289236327,80,1932.5
12,1,1.1898,90,0,5,5.096972975,1,740.8928571,23,11,1.167431339,30,3012.5
20,1,0.70536,90,0,5,5.108621527,4,613.7741935,23,24,1.348270615,30,4885.5
12,1,1.23292,49,4,4,4.315971077,1,569.05,25,15,0.51459703,14,1779
3,1,1.77146,45,2,4,4.061866274,1,358.8571429,25,5,0.407856537,10,835.5
3,1,2.0909,29,0,4,3.44345965,1,462.3333333,24,5,0.731303192,29,1611
12,1,1.82882,60,6,4,3.293789123,1,561.1,24,13,0.630756849,39,2071
6,1,1.70059,65,8,4,3.283081939,1,396.0357143,24,4,0.995131263,40,818
6,4,2.96289,49,2,4,3.123926967,4,387.25,24,7,0.948431881,40,1975
6,3,1.09053,79,2,4,3.162314565,4,330.9,24,5,0.821223888,39,838.5
1,1,3.30209,42,0,6,4.131606774,1,462,24,2,0.329143704,56,501.5
3,4,1.03907,41,1,6,4.560008027,4,722,24,3,0.942671413,98,1955.5
1,2,2.09928,100,0,4,3.039964859,4,404.25,24,2,0.329463471,95,606
1,5,2.80353,99,0,4,3.445564827,4,261,24,1,0.341076383,99,261
3,2,4.02627,94,3,4,2.977456246,4,351.125,24,5,0.35040588,99,762
3,5,1.31539,79,1,4,3.016712263,4,376.2857143,24,5,0.132035595,74,687.5
9,2,2.02186,80,7,4,2.999558913,2,418.375,24,12,0.24245014,80,1837.5
1,0,1.94682,99,0,3,3.644202093,2,209.75,23,2,0.373040619,59,264.5
1,4,1.64678,20,0,3,3.467915759,4,218.875,23,4,0.494360118,100,282.5
3,3,1.07288,34,5,3,3.65698979,3,237.2222222,23,4,0.862227565,100,442
1,0,2.58838,100,0,4,3.792172481,1,248.1666667,22,3,0.647740659,9,368
6,3,1.18839,66,3,4,4.192800106,3,291.3333333,22,8,1.100962963,72,1439
1,3,1.44364,82,0,4,3.788717231,3,231.1666667,22,2,0.656212373,87,514.5
3,1,1.02242,37,3,4,3.884998979,1,297.375,22,5,0.538152571,9,734
1,1,1.6137,15,0,1,4.200376747,1,891,24,1,0.121585096,18,891
6,0,1.94731,71,3,1,3.692059697,2,584.3333333,29,5,0.641438473,48,2342
9,4,1.51392,60,0,1,3.767887158,1,411.8666667,29,11,0.816915274,73,1221.5
1,1,2.40243,70,0,1,3.385922581,4,152,29,3,0.300733057,49,258.5
6,1,1.42371,49,0,1,3.606394374,1,409.85,29,3,0.498477032,47,781
9,0,2.52214,29,3,3,3.731475327,1,416,22,13,0.558096111,26,1230
20,1,1.27536,58,14,3,3.864304967,1,438.45,22,18,1.179378511,21,2234.5
3,4,1.2826,67,5,3,3.370754661,4,313.5625,22,3,0.8460686,75,659
1,3,1.05086,85,0,3,3.293824721,3,967.5,23,1,0.295708609,89,967.5
1,4,1.34955,70,0,6,2.778536359,4,1035,25,1,0.563784752,99,1035
9,2,0.84589,60,0,6,3.296636868,4,1711.75,25,2,1.041398132,80,2407
1,5,2.34058,92,0,3,2.238848633,3,212.5,22,3,0.257189388,73,237.5
9,1,2.21555,73,6,4,2.944421282,1,626.3461538,27,5,0.481639834,44,1513.5
3,5,2.67377,39,1,4,2.810670129,2,338.6428571,27,5,0.378301353,64,472.5
3,4,1.26232,49,1,4,2.722796147,4,556.5,27,1,0.342905081,88,748.5
9,0,2.42632,96,5,1,3.669544422,1,350.3913043,26,13,0.632357357,9,807
1,2,3.01697,89,0,1,3.181203603,2,555,26,1,0.110642732,95,555
6,2,3.64539,88,2,1,3.363015341,4,279.4722222,26,11,0.19094197,73,524
9,1,1.4954,70,7,2,3.718719127,1,550.5,22,8,0.702951783,16,2173
1,1,3.24231,82,1,2,3.505549508,4,278.5,22,2,0.305577769,50,334
6,1,1.4138,63,12,3,3.733831885,1,240.7954545,24,8,0.696218621,0,559.5
9,2,1.00726,65,6,3,3.654755514,2,270.2413793,24,22,0.255837634,0,887
3,1,2.41384,78,2,5,3.567636914,1,327.75,23,4,0.661273886,19,592.5
3,1,2.4786,77,1,5,3.542351058,1,415,23,5,0.338124848,21,703
1,4,1.77948,66,0,2,3.051929731,4,227.875,25,4,0.520686359,71,277.5
3,1,1.66521,60,2,2,3.190871369,1,313.0555556,25,6,0.331574868,3,822.5
9,3,1.4347,60,9,2,3.659681971,3,324.7368421,25,9,1.178209825,38,808.5
6,5,1.41729,74,6,2,3.423234343,2,416.75,25,4,0.753174379,24,1268.5
6,2,0.76815,83,5,3,2.470419345,2,399.6153846,22,8,0.573833855,78,1282.5
20,1,1.85411,70,15,3,2.645651705,1,489.7763158,22,21,0.455412912,0,3633.5
6,1,1.24263,98,7,2,3.871187524,1,304.0277778,26,8,1.187527611,5,1304
3,4,3.89286,39,0,5,3.493112854,3,450.5,22,5,0.64921148,70,771
20,1,2.31854,20,3,5,3.926558193,1,424.5227273,22,30,0.953622116,19,2017.5
3,3,0.88699,39,1,5,3.454355389,3,323.3125,22,6,0.801095934,64,713
9,2,0.84281,20,6,5,3.733739892,2,330.2708333,22,13,1.137155213,60,746
3,0,3.56934,39,1,6,4.246312553,1,458.5,24,4,0.541055611,60,750.5
9,1,3.52906,59,5,6,4.378837626,1,486.7941176,24,9,0.629363726,39,1509.5
9,4,2.04645,50,0,6,4.164160442,1,359.4565217,24,17,0.710994849,28,1452
6,1,1.66574,97,8,6,4.164635946,1,345.625,25,6,0.45005204,0,864.5
20,1,1.1381,50,14,6,4.086773919,1,590.921875,25,18,0.390779845,7,3195
9,0,2.9135,60,4,6,4.493826157,1,294.625,23,17,1.169217017,40,969
20,1,4.20723,50,13,6,4.671411724,2,318.8545455,23,30,1.221433636,44,1065.5
6,3,2.18453,40,6,6,4.131886926,4,389.3846154,23,7,0.718795722,75,1461.5
1,5,2.68442,55,0,6,3.771625847,3,1038,23,1,0.475911368,55,1038
3,0,3.10516,69,0,2,3.578575848,1,420.7,26,5,0.255684321,37,760.5
9,1,3.59859,63,7,2,3.728493753,1,470.4411765,26,9,0.534617466,50,1878.5
3,1,2.38776,53,1,2,3.529507695,1,440.5,26,3,0.14193061,19,789.5
20,1,2.43186,47,19,2,3.736326761,1,516.7222222,26,17,0.505697066,30,3228.5
1,0,3.3722,79,0,3,4.715492156,4,205.25,28,4,0.305942003,52,325.5
1,2,1.88076,65,0,3,4.366184288,2,1029,28,1,0.431728315,80,1029
3,3,2.79278,75,3,3,4.219773759,3,316.7142857,28,2,0.101833409,56,671
1,5,2.8095,70,0,3,4.064836495,3,492.75,28,2,0.207883593,74,618
1,1,2.67515,85,0,3,4.375556981,1,259.1666667,28,2,0.087085383,65,366
1,1,2.79467,79,2,3,4.182221446,1,195.125,28,2,0.255880161,59,337
6,0,3.75746,54,2,4,3.529012141,1,506.75,24,6,0.654607546,14,932
1,1,2.55146,90,1,4,2.811868774,1,362,24,1,0.312861222,29,506
9,1,1.52017,39,9,4,3.447586504,1,417.6470588,24,8,0.317252437,9,731
1,1,4.50073,80,0,3,3.093275451,2,314.75,22,2,0.285819567,50,342
1,2,2.97817,70,0,3,3.002888865,2,179.75,22,2,0.167207792,90,212
6,2,3.66068,49,3,3,3.351101441,2,338,22,8,0.857841971,69,657
12,0,3.9056,70,0,2,3.844185178,2,1042.454545,26,11,1.141628798,39,2879
9,5,1.4818,59,1,2,3.64240065,3,1244.571429,26,5,0.952430491,69,5875
1,3,1.42506,70,0,2,3.030350968,3,458.75,26,2,0.350053475,80,584.5
3,2,4.05753,80,4,2,3.568703504,2,263.8,26,6,0.770396281,50,513.5
1,1,2.27253,79,2,2,3.102016592,1,303,26,1,0.335352063,50,508.5
6,2,2.90813,60,5,2,3.402149404,2,406.9642857,26,9,1.268101338,69,1453.5
20,1,1.42147,60,15,2,3.522201368,1,680.6071429,26,12,0.877120476,9,5218
3,4,4.03699,29,2,2,3.433211231,3,296.6111111,26,5,1.148257946,70,1027.5
1,5,0.49146,90,0,5,3.789225313,3,433.5,23,1,0.634506732,55,433.5
6,0,2.91375,70,0,4,4.684521272,1,638.4166667,25,6,0.742729648,29,2279.5
3,5,0.57162,74,1,4,4.045547032,1,351.375,25,3,0.638649979,89,615
9,3,0.70691,34,5,4,4.370938714,3,342.8541667,25,17,1.015113394,80,1582
6,1,1.32619,54,11,4,4.402432123,1,255.2857143,25,10,1.112750974,20,610.5
1,2,1.5068,84,0,4,3.747658316,4,459,25,2,0.429321911,95,796.5
1,1,2.56815,84,0,4,3.686005194,1,267.8333333,25,3,0.281274819,20,352.5
6,0,1.18765,50,0,4,3.726130801,3,577.75,24,6,0.979312202,20,1644.5
12,1,3.29391,50,2,4,3.519338973,1,478.7608696,24,14,0.831964091,49,2716.5
1,1,3.22263,79,0,4,2.811643135,1,766,24,1,0.309335211,39,766
3,1,2.8208,70,3,6,4.570915335,1,419.5,24,3,0.476136552,39,837.5
12,1,2.84871,74,1,6,4.806862978,1,1062.722222,24,6,1.481894384,30,3204
20,1,1.98902,60,7,6,5.079064409,1,756.2,24,14,1.384270782,39,2307.5
9,1,1.99392,35,9,6,4.771581208,1,372.1666667,24,8,1.331148031,40,1700
1,3,1.19564,66,0,6,4.020099762,3,1035,24,1,0.537995315,94,1035
20,1,1.90961,34,10,6,5.125972214,1,436.8536585,24,25,1.618340443,35,2008
6,5,1.07753,27,5,6,4.8555761,3,357.7666667,24,8,1.192017843,89,1457
6,1,1.18738,64,8,4,2.898041271,1,285.4411765,24,9,0.176199194,34,689.5
1,1,3.05313,80,0,4,2.91149077,1,215.5,24,1,0.091341641,65,215.5
6,0,2.20412,61,3,3,4.216986892,1,322.4375,23,11,0.89438249,20,764
3,1,1.13234,30,3,3,3.930592117,1,252.7727273,23,8,0.71227925,19,539
9,3,1.14078,30,9,3,4.059616614,3,389.2857143,23,11,1.390772292,99,1532
9,1,1.27514,35,8,4,4.581583822,1,593.0357143,22,6,1.297492395,0,1640.5
6,1,1.43651,49,8,4,4.324997332,1,381.5714286,22,6,0.900209819,5,1249
6,4,0.96526,72,7,4,4.194990647,4,196.9782609,22,10,1.242867192,94,483
3,5,1.2068,64,3,4,3.957318914,2,355.2142857,22,4,0.7245024,72,1169.5
1,3,1.32538,39,0,1,4.649200794,3,1035,24,1,0.479060215,69,1035
6,1,2.69671,20,9,1,4.935956912,1,286.9722222,24,7,0.715953607,0,1473
12,1,1.33306,10,7,1,4.805862179,1,770.0769231,24,5,1.044119716,0,3441
3,3,1.93453,70,1,1,3.574711513,3,318.375,29,5,0.518173873,55,880
20,1,0.89078,39,0,1,3.616702939,1,833.7391304,29,16,0.815066476,4,3329.5
12,1,1.13298,59,3,1,3.622499997,1,479.4782609,29,17,0.621724104,31,1335
12,1,1.4489,64,3,3,3.349734748,1,619.9444444,23,6,0.668674797,30,1730
6,1,1.65608,80,8,3,3.259996063,1,319.5294118,23,8,0.546159669,4,967.5
9,0,4.47121,40,1,6,3.565051211,1,1260.125,25,2,0.735956138,0,4054.5
3,0,2.16231,60,0,6,3.509255563,1,569.25,25,2,0.542891377,39,755
6,0,2.88005,90,0,6,3.581538858,1,626.8125,25,7,0.743033244,30,1090
1,2,1.52016,40,0,6,3.135989804,4,305.5,25,1,0.56274162,99,305.5
9,1,1.8199,50,0,6,3.594349046,1,721.2083333,25,10,0.848135409,0,2777.5
1,1,2.44934,70,0,6,2.737132306,3,1036,25,1,0.446673546,30,1036
1,0,3.19091,42,0,3,2.493975025,1,173.5,22,5,0.12613502,18,272.5
6,0,2.0826,40,2,3,2.759303281,1,304.46875,22,12,0.680660307,23,742.5
6,5,1.45837,57,1,3,2.722287011,3,309.3333333,22,10,0.774986551,62,800
12,1,1.99039,62,4,3,2.767989292,1,496,22,17,0.687637996,53,1587.5
3,5,2.06744,70,2,3,2.742253498,3,319.625,22,5,0.6422328,75,739
20,1,1.50269,85,24,3,2.766296474,1,339.8,22,28,0.686224916,26,1758.5
12,1,2.07982,73,9,3,2.705205781,1,412.6851852,22,16,0.660528685,48,1309
1,4,2.46139,47,0,4,2.732094568,4,251.5,27,1,0.300920803,95,251.5
6,4,2.26388,54,3,4,2.716318157,4,545.1,27,2,0.391498023,70,1157.5
9,4,1.72259,64,3,4,2.808697689,4,454.5,27,8,0.420344581,84,1486
3,1,1.57019,22,1,4,2.7693088,1,462.3333333,27,3,0.200139512,9,773.5
6,1,1.6334,72,8,4,2.79742563,1,362.6,27,7,0.202867644,20,1109
3,1,2.49903,92,1,1,3.277466491,1,289.8888889,26,5,0.457579878,12,588.5
9,5,1.3613,93,2,1,3.216389761,4,323.54,26,19,-0.039292998,92,1255
1,0,2.21913,84,0,2,3.58169226,2,1033,22,1,0.362361,0,1033
1,4,2.25227,70,0,2,3.602502169,4,1036,22,1,0.352371996,88,1036
6,2,2.00486,84,4,2,3.721651575,2,440.2307692,22,8,0.540630193,69,1331.5
6,0,2.202475,50,0,3,3.940138768,2,276.7,24,13,0.839207084,50,691
9,0,2.48486,39,4,3,3.717867621,1,361.75,24,17,0.365387686,0,2469
1,2,2.98792,59,0,3,3.383276359,2,214.125,24,4,0.338021396,50,508.5
3,2,1.00789,68,4,3,3.605581222,2,218.35,24,5,0.209343411,30,503
1,1,2.26025,63,0,5,3.220208977,1,233.1666667,23,3,0.263471023,16,335
20,1,2.4304,62,13,5,3.979683554,1,389.0869565,23,21,1.26666079,18,1826.5
9,2,4.19672,86,5,5,3.712221494,2,354.6521739,23,15,0.56283192,70,1412.5
6,0,1.50949,0,4,2,3.593491903,1,365.5333333,25,10,0.89195259,0,1496.5
3,5,4.24977,5,0,2,3.484065836,4,187.1666667,25,3,0.861244042,59,244
1,3,2.87695,94,2,2,3.007998558,4,196.75,25,2,0.26042363,70,264.5
3,0,2.30168,55,0,3,3.097872138,1,397.6428571,22,6,0.455564255,0,1344.5
6,0,3.07649,70,2,3,2.969795647,1,386.5714286,22,9,0.442813346,9,790
3,1,2.34094,80,3,3,2.7029177,1,330.75,22,5,0.119815389,64,973.5
9,4,2.48703,84,3,3,2.634928437,4,565.2727273,22,8,0.642478015,85,1184
1,0,2.078505,99,0,2,3.316408953,2,276.8333333,26,3,0.450289836,20,534
9,3,1.51933,80,5,2,3.904437929,3,300.8518519,26,17,1.195580423,79,1044
6,2,1.20017,90,4,2,3.759238758,2,425.6923077,26,9,1.189203819,99,1327.5
3,4,1.3994,90,1,2,3.670265593,4,348.125,26,7,0.945903821,100,963.5
12,1,4.27088,80,7,2,4.192812953,1,420.8076923,26,17,1.621953841,60,1419.5
1,1,1.32593,100,1,2,3.366930724,3,223.625,26,3,0.445209289,80,353.5
9,0,2.54718,75,6,3,4.654458966,2,358.2173913,26,11,0.951706379,29,1045.5
12,0,3.58293,80,8,3,4.765766036,2,398.1607143,26,13,1.275236554,69,1257.5
9,1,1.98707,64,7,3,4.344811178,1,411.675,26,11,0.814202196,35,1756
6,5,1.66018,50,0,5,3.694934439,3,447.0909091,22,9,0.995367402,69,1519.5
6,4,1.228,50,3,5,3.685312548,4,388.0833333,22,7,1.041448918,50,1269
9,1,0.99904,49,2,5,3.73420345,1,450.6666667,22,10,0.818646382,10,1162
20,1,1.22022,9,4,5,3.887675521,1,572.6969697,22,18,1.175811789,0,4382.5
12,0,2.01803,69,1,6,4.53533052,2,521.6904762,24,18,0.981927653,49,1553
1,5,2.6549,83,0,6,3.793893403,1,202.6666667,25,2,0.194343109,5,231
6,5,2.78877,80,3,6,4.025990806,3,415.8333333,25,6,0.732420484,91,736
3,1,1.46327,80,4,6,3.929600332,1,354.7857143,25,3,0.702288253,6,731
20,1,1.55306,70,9,6,3.697992035,1,597.65625,25,14,0.345811709,8,3882.5
9,2,1.50601,60,11,6,3.61278612,2,322.62,25,13,0.504015794,85,682
20,1,2.39461,64,3,3,3.478556967,1,2864.416667,24,2,0.885798344,50,5483
1,2,3.8024,74,0,3,2.91603882,2,1032,24,1,0.548775611,80,1032
1,1,2.91437,84,0,3,2.696063452,1,1036,24,1,-0.069429525,65,1036
3,5,3.09982,77,0,3,3.080612921,4,3030,24,1,0.077878084,82,3030
6,2,1.96597,70,6,6,4.073473982,2,326.71875,23,9,0.668869239,65,1166.5
1,0,1.9495,50,0,2,3.543916788,2,485,26,2,0.157041553,51.5,605
1,3,2.80112,67,0,2,3.474795959,2,115.25,26,2,0.27768201,94,164.5
3,1,2.44286,60,1,2,3.411141918,1,552.2,26,4,0.173604449,54,1528
9,3,3.00858,76,11,3,4.555768475,3,408.975,28,5,0.69882672,69,1192.5
9,5,1.981245,70,4,4,3.350451355,2,357.0588235,24,8,0.638479827,80,771.5
6,3,1.74014,79,6,4,3.1566287,3,363.0666667,24,9,0.716570117,69,1046
3,4,2.08333,69,2,4,3.319446479,4,385.7857143,24,5,0.619058064,50,1133
20,1,1.47779,49,14,4,3.201279127,1,583.2741935,24,15,0.629218148,9,4326.5
6,1,3.38242,40,4,3,3.305789219,1,319.4117647,22,11,0.596494189,19,861
6,5,3.78236,44,2,3,3.38741529,2,361.0666667,22,10,1.070760826,59,1184
9,2,1.00865,39,5,3,3.629493849,2,384.547619,22,13,0.847871831,64,1991
1,1,2.97152,67,0,3,3.063549781,1,1027,22,1,0.335614381,50,1027
3,1,3.06858,74,2,3,3.364651078,1,239.5909091,22,7,0.620603448,34,549
20,1,1.84305,19,11,2,3.657626556,1,583.1129032,26,17,0.835725097,9,2361.5
1,5,0.94947,40,0,2,3.00714158,3,223.5,26,3,0.413666762,80,314.5
6,4,1.28968,80,0,5,5.055795916,2,1170.9,23,4,1.486555132,89,2720
9,2,0.74415,89,0,5,4.771115059,2,446.0526316,23,16,1.285020296,81,1696.5
1,3,1.25865,75,0,4,3.794968452,3,864.5,25,1,0.546681879,89,864.5
1,0,2.49014,75,0,4,3.077841621,1,184.5,24,2,0.25789725,29,195.5
1,1,2.47699,69,0,4,3.097947402,1,272.3333333,24,3,0.394347305,69,412.5
12,0,1.907685,89,1,6,4.735951513,2,1024.875,24,7,1.578424237,69,3301.5
1,1,4.05711,89,0,6,3.85516387,1,396.75,24,2,0.400466246,49,620.5
9,2,0.98195,74,4,6,4.61041327,2,376.8333333,24,15,1.599944518,90,814
1,2,1.59726,66,0,6,4.34524283,2,463,24,2,0.351617213,98,691.5
1,0,1.92234,80,0,4,2.846596994,2,299.3333333,24,3,0.190778658,59,437.5
9,0,1.92234,70,3,4,3.124581994,2,376.5,24,7,0.22684196,20,1137
3,0,1.91872,74,0,4,2.917484106,2,506.5,24,4,-0.01794257,49,1168.5
9,1,2.03264,75,5,4,3.061558173,1,422.7368421,24,10,0.342302041,55,869
9,5,3.54123,45,7,3,3.967558091,3,267.0434783,23,12,1.334694907,100,660
3,5,3.85776,45,3,3,3.84558236,2,246.8125,23,4,0.62932862,99,386
3,2,1.7458,50,4,3,3.791870145,2,328.6875,23,4,0.787205103,99,1065.5
12,1,0.84662,39,5,4,4.429335915,1,477.0208333,22,19,1.20954289,1,1514.5
20,1,1.20534,44,16,4,4.413757561,1,449.5365854,22,20,1.234017841,9,2768
12,1,1.46799,57,6,4,4.210532881,1,592,22,12,1.30999029,19,1388
9,5,1.49019,68,7,4,4.116027491,4,520.1875,22,8,0.945547799,84,1819.5
9,5,1.24222,10,6,1,4.829238408,2,501.75,24,9,0.739233418,74,3675.5
3,0,2.94231,51,0,1,3.792848683,2,477,29,2,0.680835354,30,759
1,5,1.45697,63,0,1,3.348595517,3,280.5,29,1,0.34187368,69,280.5
1,4,0.82039,54,0,1,3.16428262,4,1029,29,1,0.321241153,61,1029
12,0,4.0472,59,10,3,4.106188527,4,358.4464286,22,11,1.42532463,66,2159.5
6,1,2.86895,34,4,3,3.583991805,1,409.5,22,4,0.537398722,26,1131
3,1,1.28591,42,3,3,3.502549099,1,244.5,22,6,0.443367029,60,447.5
9,1,3.1974,40,8,3,3.504248897,1,378.1818182,22,12,0.905155064,31,1617
3,5,2.44818,54,0,3,3.427359649,3,484.125,22,4,0.930226315,84,1038
3,2,0.96225,60,2,3,3.361082266,2,256.3,22,6,1.082960509,74,608
1,1,1.78016,62,0,3,3.095792178,1,1030,22,1,0.420228464,26,1030
6,1,1.98874,39,9,3,3.6711875,1,324.09375,22,6,0.741243406,27,1193.5
6,5,1.85497,44,5,3,3.633966117,3,197.8571429,22,8,0.929471473,78,483.5
1,5,1.26132,48,0,3,3.160264684,3,285.1666667,22,3,0.525652574,78,482.5
3,4,1.52467,69,4,3,3.201744088,4,272.45,23,6,0.852552932,90,586
6,4,1.01644,75,3,3,3.676013504,4,555.6666667,23,5,0.828343913,99,1761
9,1,1.66333,95,7,3,3.277260369,1,351.5,23,15,0.456162149,19,1202
3,5,2.60243,100,0,6,3.30859747,3,751.6666667,25,2,0.576709845,89,1758
9,1,2.13261,60,5,6,3.282796882,4,424.5833333,25,5,0.764090547,60,1071
3,0,2.97141,29,0,3,2.596562963,1,475.875,22,4,0.441099135,16,1129.5
9,1,2.37454,55,7,3,2.849081986,1,352.2291667,22,15,0.908395024,32,805
6,1,3.1223,62,1,3,2.559515905,2,337.96875,22,10,0.54197942,33,950.5
9,5,1.10528,75,1,3,2.959416231,2,470.9444444,22,14,0.994319765,65,2339.5
6,4,1.06278,84,5,3,2.626520276,4,363.8333333,22,10,0.745500273,72,971
1,0,2.41121,74,0,4,2.925430148,1,330.75,27,2,0.225308871,20,403
6,1,2.38096,42,1,4,2.864287047,1,391.9615385,27,6,0.300740558,1,1050.5
20,1,2.16575,5,13,4,3.068572119,1,477.9605263,27,19,0.70395519,20,2457.5
20,1,2.83332,79,7,1,3.513182364,1,406.0232558,26,26,0.489985335,8,3180.5
20,1,2.32449,79,6,1,3.597969675,1,686.6666667,26,13,0.218780611,17,3278.5
3,5,3.48009,87,0,1,3.521009548,4,472.0833333,26,6,0.20122283,91,1642
1,3,2.51754,90,0,1,3.429297534,4,420.75,26,2,0.129304741,90,549
9,2,2.44553,94,0,1,3.063139387,4,570,26,9,0.292466978,43,3218
9,0,1.67815,69,5,2,4.194304614,1,574.6333333,22,10,0.935842524,11,1537
6,4,4.27758,70,2,2,4.133320487,4,273.7777778,22,7,0.890061904,80,849.5
9,1,2.3721,79,6,2,4.218960854,1,508.1764706,22,11,0.846812191,15,1589.5
1,2,1.47088,75,2,2,3.34923686,2,295,22,1,0.398369206,69,479.5
9,3,2.18453,60,4,3,3.751995065,2,372.7272727,24,16,0.812834321,59,1191
1,3,2.45645,66,1,3,3.299273058,1,163.6666667,24,2,0.283415667,2,198.5
1,1,3.4141,59,1,3,3.347550195,1,145.9,24,4,0.218800955,34,295.5
3,5,1.26459,64,2,3,3.647506742,2,287.5,24,7,0.173380879,29,1089
6,2,3.17557,70,4,5,3.740680679,2,382.75,23,5,0.792425979,75,874
6,1,2.35323,76,4,5,3.655087268,1,329.21875,23,7,0.787610701,3,735.5
1,4,1.72378,73,0,5,3.32189023,4,160.5,23,2,0.266834577,75,178.5
20,1,2.23253,72,13,5,3.998231737,1,321.5092593,23,28,1.044162045,5,1824.5
6,1,1.84773,79,2,5,3.43100878,1,449.5,23,7,0.376237813,11,1403.5
9,1,1.67428,80,10,2,3.580212987,1,362.7391304,25,11,0.830778029,0,1018.5
3,1,2.20736,51,1,2,3.274184899,1,344.75,25,6,0.590661615,10,774
6,3,1.18759,69,3,2,3.322813932,1,372.3461538,25,8,0.722469076,30,842
12,1,1.5054,62,8,2,3.769349336,1,345.6451613,25,21,0.796955931,1,939.5
9,1,1.11169,85,4,3,2.658705529,1,859.65,22,6,0.534056302,10,2782
9,1,2.21081,70,8,3,2.925830179,1,508.9375,22,8,0.592527365,20,1788.5
12,0,2.078505,99,4,2,4.182583525,2,481.4761905,26,13,1.282808665,50,3110.5
12,1,2.076,71,7,2,3.972882676,2,443.88,26,14,1.130511398,60,1673
9,2,1.11108,69,3,2,4.013257272,2,720.2083333,26,9,1.16150634,80,3589
20,1,1.67093,79,11,2,4.22768465,1,497.0526316,26,24,1.082214027,9,3026.5
9,5,3.27654,80,10,3,4.489330677,3,265.8888889,26,12,0.944746988,84,702
3,3,2.3087,81,5,3,4.120662435,4,262.25,26,4,0.47404645,74,773
3,4,1.83401,76,2,3,4.1646349,4,338,26,5,0.827707534,87,600
3,1,1.88461,50,0,5,3.742199698,1,352.625,22,4,1.023739058,10,450.5
6,2,1.17675,45,0,5,3.631397146,4,431.5,22,9,0.969880007,50,1400.5
9,3,0.9972,40,0,5,3.652669104,3,486.03125,22,10,0.879369091,59,1674
6,3,1.42617,54,0,5,3.722760529,3,322.4615385,22,9,0.88727199,60,811
3,1,1.18646,30,1,5,3.581234024,1,313.9285714,22,4,0.751980632,10,575
3,5,1.32031,45,0,5,3.650490168,2,288.3333333,22,6,0.687613946,50,944
6,3,1.42698,49,7,6,4.164773978,4,276.3823529,24,9,1.148548457,70,785.5
9,3,3.8058,71,4,6,4.277363179,4,347.8636364,24,12,0.865715363,80,813.5
6,2,2.30271,40,3,6,4.103115611,2,341.09375,24,8,1.181601956,70,887.5
1,5,1.05022,61,0,6,3.869374809,3,589,24,1,0.081611171,59,589
9,3,2.51225,70,0,3,3.532470829,3,9036,24,1,0.954335186,90,9036
1,5,1.98707,99,0,3,3.721651575,2,1033,24,1,0.659922551,99,1033
6,2,3.24359,89,0,3,3.337785763,2,6028,24,1,0.225652105,89,6028
1,1,4.68476,99,0,3,2.928450789,1,1029,24,1,0.380672538,69,1029
20,1,2.24516,49,0,3,3.47083073,1,20032,24,1,0.465986399,48,20032
1,3,1.92888,82,0,3,3.716762263,3,1023,24,1,0.660695518,84,1023
3,5,1.49643,69,0,6,4.108102912,3,334.3,23,5,0.951140386,69,523
1,4,1.60386,45,0,6,3.987129192,4,216.8333333,23,3,0.561504973,65,293
6,3,2.18437,62,3,2,3.484080843,3,421.6,26,7,0.843417448,79,1103.5
9,2,2.20308,62,2,2,3.60703835,2,763.75,26,6,0.522925826,77,2632.5
6,5,2.60901,58,4,2,3.704743323,3,649.3125,26,4,0.613137363,73,1991.5
6,2,2.22239,70,4,2,3.536701471,2,567.5,26,6,0.806260663,58,3005
6,0,2.55576,68,3,3,4.94161312,1,323,28,11,1.104090282,34,985
12,1,2.26549,29,3,4,3.287381844,1,589.4473684,24,14,0.513858873,9,2073
1,4,2.01224,69,0,4,2.930077286,4,155.5,24,2,0.290011658,90,166
1,1,2.29922,39,0,4,3.100946265,1,281.6666667,24,3,0.18988151,20,492.5
1,0,1.97103,89,0,3,3.267908674,2,201.1666667,22,3,0.064863985,54,278
9,5,2.08121,69,1,3,3.478156843,2,473.7647059,22,12,0.963059623,59,2068.5
20,1,1.89842,70,9,3,3.544498343,1,462.025641,22,24,0.930912891,10,3479
9,0,4.63299,20,0,2,3.72887642,1,2711.166667,26,3,0.98700449,19,3680
12,1,1.32492,50,6,2,3.607793089,1,599.4210526,26,11,1.034359298,10,2190.5
1,1,1.92234,90,0,2,3.171696127,2,289.6666667,26,3,0.381486538,49,485.5
1,0,1.91872,70,0,5,4.379617752,2,166.1666667,23,3,0.345470475,54,172
12,0,2.35879,100,0,5,5.203657241,2,799.7692308,23,11,1.356265689,31,4429
3,0,3.13843,89,0,5,4.557494224,3,387.2857143,23,7,0.804905259,31,714
6,1,1.02967,90,0,5,4.703514416,4,367.1538462,23,9,0.951317682,30,1022.5
3,3,0.60814,90,0,5,4.83731367,3,273.5833333,23,5,0.939205235,80,402.5
1,2,0.50942,89,0,5,4.122433083,2,267.5,23,1,0.831371246,80,267.5
12,1,1.15332,80,0,5,4.605002384,1,609.8888889,23,14,0.412645683,21,1867
1,1,2.40935,90,0,4,4.017268375,1,282.25,25,2,0.011973236,30,347.5
9,4,1.24624,49,2,4,3.570731056,4,621.4090909,24,7,1.11139895,29,1609.5
20,1,1.53827,70,18,4,3.293882259,1,510.9594595,24,15,0.335738402,39,3065.5
1,0,3.2001,90,0,6,4.214317724,4,243,24,3,0.110361911,89,322.5
6,4,3.26509,60,2,6,4.591644917,1,559.4,24,7,0.57113668,59,2354
9,4,1.77634,79,7,4,3.04038054,4,339.6875,24,15,0.440623878,74,1809
6,5,2.28374,81,1,4,3.670586934,4,636.5,24,8,0.282457561,69,1085
6,1,2.23827,50,11,4,3.020832278,1,269.5526316,24,8,0.196121308,19,693
6,1,2.18435,55,9,3,3.767898642,1,285.3421053,23,10,0.719395919,15,1247.5
12,1,1.96661,50,5,3,4.219042745,1,486.8913043,23,14,0.338125986,25,2222
9,1,2.0706,30,6,3,3.955094315,1,528.59375,23,9,0.790230388,19,1643
1,2,1.59977,100,2,4,3.598858545,2,152.6,22,2,0.625915844,90,176.5
1,1,1.20528,82,1,4,3.570483447,1,306.5,22,2,0.502887693,30,459
9,0,3.94951,35,7,1,4.513470319,1,544.3333333,24,8,0.589114184,0,2243
12,1,1.41249,9,5,1,4.946300329,1,636.0833333,24,12,0.992182962,5,2014.5
3,2,1.40034,19,3,1,4.704781859,2,339.3125,24,5,1.295010486,40,1084.5
12,0,1.52065,55,5,1,4.015006993,2,460.175,29,9,0.940038604,54,1418
12,1,2.36802,37,1,1,3.929424205,1,534.8333333,29,15,0.578620689,35,2288.5
9,1,1.13734,59,7,1,3.725193865,1,459.8055556,29,9,0.722570905,34,1468.5
3,1,1.19739,40,0,1,3.35562723,1,349.2857143,29,5,0.809634223,25,785
9,1,1.31027,54,0,1,3.807233571,1,480.0294118,29,9,0.565082742,27,1782
6,4,1.46887,59,0,1,3.655262697,4,486.6666667,29,4,0.844911627,70,905.5
1,4,1.65029,50,0,3,3.051525608,4,173,22,1,0.301882641,89,173
12,1,1.52422,42,6,3,3.811895315,1,481.55,22,11,1.137616227,31,1921.5
20,1,1.06611,59,13,3,3.930039858,1,491.7894737,22,20,1.014255815,34,3454.5
9,1,2.06785,60,10,3,3.620215749,1,362.5,23,11,0.582641223,19,920.5
6,5,2.41743,69,3,3,3.023056318,2,309.15625,23,12,0.610510554,100,812
1,2,2.88275,84,0,3,2.94117686,2,421.5,23,2,0.362314255,85,709.5
1,1,3.17352,84,1,3,2.960137476,4,264.6666667,23,2,0.132513973,59,320
20,1,2.55372,29,3,6,3.751972086,1,639.5384615,25,17,0.856384595,9,2133.5
1,2,1.79766,59,0,3,2.07740299,2,439,22,2,0.416914699,82,661
9,1,1.7114,65,8,3,2.660117694,1,468.5555556,22,9,0.535915636,45,1848.5
3,3,2.88417,95,4,4,2.769294429,4,509.1,27,1,0.364045137,81,795
20,1,1.59693,90,10,4,2.89122223,1,1074.5,27,8,0.396816852,11,6954.5
6,2,1.14512,7,5,4,2.79939362,2,391.7142857,27,8,0.486911039,41,1365
9,1,2.076,84,7,1,3.17857653,1,301.0576923,26,14,-0.388583876,12,776.5
6,3,2.77967,84,5,2,3.959724129,3,439.125,22,7,0.829428232,75,1208
6,1,1.37122,99,4,2,4.260945626,1,517.7727273,22,4,0.717650631,19,2826
20,1,1.67208,76,22,2,4.234763962,1,492.3684211,22,13,1.332783679,15,3612
6,5,0.83417,67,5,2,3.876825703,3,244.4583333,22,7,0.591889123,60,577.5
6,5,3.79511,30,5,3,3.715486539,2,270.975,24,12,0.804692737,30,1247
1,1,2.58286,70,2,3,3.497630569,1,191.875,24,2,0.282414896,39,290
20,1,1.57527,49,19,3,3.777639882,1,349.3679245,24,34,0.361222583,10,2081.5
12,1,2.51762,78,10,3,3.665726709,1,348.4333333,24,17,0.425672876,18,1057.5
6,1,1.17683,64,10,3,3.670165586,1,227.4285714,24,11,0.335844968,4,608.5
6,4,1.80857,70,7,3,3.602700091,4,325.9705882,24,10,0.495086294,59,2060
1,0,4.60679,79,0,5,3.477735123,1,210.625,23,4,0.02833131,16,311
12,1,2.014,77,5,5,4.0068144,1,365.0666667,23,19,0.872949743,30,1065.5
3,2,1.76548,83,1,5,3.694242176,2,538,23,2,0.801627305,70,1523
9,1,1.77544,80,11,5,3.552048814,1,379.75,23,6,1.0956386,12,2449
3,5,2.14541,77,1,5,3.248719477,4,341.5625,23,7,0.516014361,49,753.5
9,5,2.93134,63,6,2,3.626237106,2,378.2333333,25,8,1.168946391,41,1673
1,5,1.33162,69,0,2,3.267189741,4,235.5,25,2,0.14228188,60,253.5
12,0,0.9178,39,6,3,3.15357482,2,440.4583333,22,14,1.031920362,19,1921.5
1,1,2.09211,89,0,3,2.437526544,2,723.5,22,1,0.352226545,50,723.5
6,1,2.31422,89,7,3,2.629819128,1,296.2647059,22,9,0.62763514,10,767
9,5,0.93828,80,5,3,2.747398967,3,530.7,22,9,0.58097103,74,3159
6,5,0.64873,80,7,3,2.542018904,3,312.53125,22,7,0.627329385,64,715.5
9,4,2.66575,90,4,2,4.066710957,4,280.8076923,26,18,1.405451582,100,729.5
9,1,1.95058,85,7,2,3.982908973,1,387.7045455,26,13,1.333131508,50,1668.5
6,1,2.06434,85,7,3,4.454124126,1,362.4666667,26,6,0.728081207,39,1368.5
12,1,1.71341,75,5,3,4.36010088,1,430.28,26,19,0.851190419,44,832
9,4,2.14277,40,0,5,3.8053225,4,364.975,22,14,1.190000748,59,977
9,1,1.50217,30,4,5,3.726646348,1,400,22,10,0.589453312,0,1137.5
3,2,0.63879,40,0,5,3.534095182,2,372.0833333,22,4,0.918132827,59,787.5
6,4,3.12106,29,3,6,4.250643163,4,435.7777778,24,6,1.168806121,70,980.5
3,5,1.02479,40,2,6,3.899259653,4,236.875,24,6,0.938541714,70,456
1,1,3.98015,50,0,6,3.857793093,2,314.25,24,2,0.394552625,40,355
6,1,1.48679,60,3,6,4.131973064,1,430.3461538,24,8,0.681885334,19,1875
1,1,2.83008,89,1,6,4.090363061,1,241,25,2,0.121766405,0,311
3,3,1.70431,79,0,3,3.209913911,3,3030,24,1,0.015392973,79,3030
6,3,1.86036,79,0,3,3.397840208,4,6033,24,1,0.328180145,80,6033
6,0,2.7613,30,0,6,4.491685593,3,369.4333333,23,13,1.01641263,65,738
1,1,4.04172,39,0,6,3.569841851,1,173,23,4,0.41212178,44,240.5
12,0,1.949665,77,8,2,4.272577655,2,390.25,26,19,0.804284845,59,1783
9,5,2.725,72,4,2,3.724288643,2,554.8666667,26,11,0.935682218,72,1800
9,3,1.48686,72,6,2,3.993248925,3,517.3,26,9,0.346780102,75,1352.5
9,1,3.27502,72,6,2,3.416986188,1,662.5909091,26,4,0.777887505,22,1604.5
12,1,1.83412,54,9,3,4.302897277,1,449.5217391,28,11,0.538396548,44,2544.5
3,2,2.51552,39,4,4,3.008648337,2,348.25,24,2,0.619109343,69,541.5
20,1,1.32742,29,7,3,3.580576307,1,437.4642857,22,27,0.753662943,20,1399
9,1,2.02372,39,3,3,3.507700288,1,406.4,22,12,0.77616427,20,1489.5
9,3,1.56124,60,6,3,3.583479705,3,386.9047619,22,11,0.931332903,74,1549.5
3,2,2.86664,40,2,3,3.297584954,2,319.5625,22,6,0.639240283,59,676
3,5,1.87673,69,0,3,3.197008067,2,327.5625,22,6,0.854735598,75,668.5
6,3,2.26991,74,4,3,3.314357227,3,342.875,22,9,1.153554514,64,836.5
12,1,2.19481,35,3,3,3.452113807,1,418,22,17,0.714834314,40,1141
3,0,3.2468,79,0,2,3.335093616,2,618.6666667,26,3,0.798962695,29,672
12,1,1.57861,69,5,2,3.387575892,1,825.1428571,26,9,0.599968702,10,4365
6,5,1.00019,89,2,5,5.119771399,3,278.5416667,23,7,1.424084409,80,679
3,1,1.56329,89,0,5,4.580645029,1,581.1,23,5,0.880747151,29,1178.5
9,3,0.57797,89,0,5,4.634995069,3,736.25,23,4,1.895699758,90,1493
6,1,1.08849,88,0,5,4.682267872,1,592.1875,23,5,1.084621328,17,1605
1,4,0.74551,35,0,4,3.96874596,4,176.25,25,2,0.372545206,94,203.5
9,1,1.86297,80,9,4,4.285642618,1,474.4166667,25,9,0.884158183,20,1539.5
9,4,0.67719,39,4,4,4.346864668,4,365.8863636,25,14,1.187153805,93,1774.5
12,0,1.50971,70,3,4,4.0008448,2,517.75,24,14,0.992011408,29,2113
6,1,1.94506,39,6,4,3.595179853,1,293.8666667,24,7,0.521163749,19,873
1,4,1.10667,79,0,4,2.855165309,4,165.75,24,2,0.339063364,80,176.5
3,0,1.87042,60,0,6,4.516598289,4,607.875,24,4,0.669207095,68,1413
6,3,1.16897,79,1,6,4.668884399,4,591.1875,24,5,0.854399575,80,1694.5
6,2,0.87283,60,3,6,4.606651682,2,682.4166667,24,3,1.146947664,84,1864
1,5,3.6323,60,0,6,4.319430519,4,224.75,24,2,0.568931328,98,228.5
1,3,1.5808,90,0,4,2.852700549,4,838,24,1,0.344819831,90,838
9,1,2.0831,60,10,4,2.929368536,1,350.2857143,24,11,0.368145704,40,832
3,0,2.55919,34,2,3,3.67849871,1,345.75,23,6,0.443910278,29,892.5
1,3,2.57919,74,0,3,3.35929275,1,286.1666667,23,3,0.453194793,39,405
9,2,1.21401,20,3,3,3.828024387,2,722.7083333,23,8,0.983933602,99,2341
1,1,1.94512,70,1,3,3.676698935,1,195.125,23,3,0.051848998,20,253
6,5,1.10389,10,4,3,3.799932479,3,349.21875,23,12,1.075360218,80,1011
6,2,0.94095,67,3,4,4.562665533,2,439.4090909,22,7,1.586148142,79,1016.5
6,5,1.50801,44,7,4,4.297758338,3,304,22,8,1.444563002,73,621
6,3,1.2704,20,5,1,4.890704923,3,324.8823529,24,10,0.93361988,39,923
3,1,2.16814,20,1,1,4.456545057,1,450.6666667,24,5,0.435651354,0,852
9,3,0.65012,9,4,1,4.77674516,3,629.3461538,24,9,0.998991146,69,2907
3,3,1.31887,10,2,1,4.213175045,3,240,24,6,0.479290929,60,741
9,1,1.59262,19,10,1,4.563081474,1,383.5555556,24,8,0.890443611,8,1255
6,5,1.16272,15,5,1,4.636941316,3,452.9583333,24,6,0.929343034,63,1887.5
1,1,2.28281,79,0,1,3.327429153,1,803.5,29,1,0.294349749,61,803.5
1,2,1.74646,70,0,1,3.322741605,4,274.5,29,1,0.420210623,81,274.5
9,2,1.24748,50,0,1,3.687928306,2,580.3928571,29,9,0.674317357,57,2032
3,2,1.01153,45,0,1,3.612491237,4,293.6111111,29,6,0.859338667,58,623.5
9,2,2.57375,71,7,3,3.883987402,2,365.1052632,22,8,0.913259323,82,1644
12,1,1.91865,71,6,3,3.67532081,2,455.8125,22,16,1.03268654,36,2776
9,5,3.40313,35,5,3,3.753415477,2,527.8333333,22,9,1.1981337,70,2907.5
6,4,1.42138,40,5,3,3.784069382,4,305.75,22,11,1.211618755,83,825.5
9,4,1.76291,66,4,3,3.893575651,4,390.6666667,22,10,0.622996408,78,799
6,1,1.81511,79,3,3,3.239178746,1,342.71875,23,11,0.30221228,10,565.5
6,2,1.80569,74,4,3,3.061081991,2,514.2272727,23,6,0.651407045,75,1457.5
9,3,1.24898,79,5,3,3.506048322,3,427.9117647,23,12,0.989618495,70,1775.5
20,1,1.45543,29,22,3,3.437829539,1,419.8977273,23,22,0.569239657,9,3095.5
6,1,1.95203,40,0,6,3.542611983,1,449.8333333,25,3,0.503923437,0,756
1,3,2.12918,50,0,6,3.206700443,3,369.5,25,1,0.616194129,69,369.5
9,2,1.99878,76,10,3,2.746073834,2,424.55,22,10,0.818776289,59,1479.5
3,1,2.31603,79,4,3,2.524260821,1,251.875,22,4,0.504975963,61,473
12,0,1.76291,78,3,4,3.04837102,2,568.6388889,27,10,0.693180883,5,3016
9,0,2.24195,99,6,4,3.141022171,1,437.8421053,27,8,0.447006198,4,1364
9,2,1.75829,27,7,4,2.965776433,2,505.3125,27,8,0.487132704,44,2975
1,3,3.8021,52,0,4,2.798565473,4,1034,27,1,0.338391291,97,1034
12,1,2.7926,20,6,4,3.026186761,1,466.2954545,27,14,0.246387199,24,1470